日付,コンテンツ,動画のタイトル,動画公開時刻,長さ,視聴回数
2026-02-23,2Cn8ylwRL1U,学べる手段が圧倒的に少ない!? 初心者ネットワークエンジニアの独学の難しさを語る,"Mar 2, 2026",1411,0
2026-02-24,2Cn8ylwRL1U,学べる手段が圧倒的に少ない!? 初心者ネットワークエンジニアの独学の難しさを語る,"Mar 2, 2026",1411,0
2026-02-25,2Cn8ylwRL1U,学べる手段が圧倒的に少ない!? 初心者ネットワークエンジニアの独学の難しさを語る,"Mar 2, 2026",1411,0
2026-02-26,2Cn8ylwRL1U,学べる手段が圧倒的に少ない!? 初心者ネットワークエンジニアの独学の難しさを語る,"Mar 2, 2026",1411,0
2026-02-27,2Cn8ylwRL1U,学べる手段が圧倒的に少ない!? 初心者ネットワークエンジニアの独学の難しさを語る,"Mar 2, 2026",1411,0
2026-02-28,2Cn8ylwRL1U,学べる手段が圧倒的に少ない!? 初心者ネットワークエンジニアの独学の難しさを語る,"Mar 2, 2026",1411,0
2026-03-01,2Cn8ylwRL1U,学べる手段が圧倒的に少ない!? 初心者ネットワークエンジニアの独学の難しさを語る,"Mar 2, 2026",1411,0
2026-03-02,2Cn8ylwRL1U,学べる手段が圧倒的に少ない!? 初心者ネットワークエンジニアの独学の難しさを語る,"Mar 2, 2026",1411,944
2026-03-03,2Cn8ylwRL1U,学べる手段が圧倒的に少ない!? 初心者ネットワークエンジニアの独学の難しさを語る,"Mar 2, 2026",1411,270
2026-03-04,2Cn8ylwRL1U,学べる手段が圧倒的に少ない!? 初心者ネットワークエンジニアの独学の難しさを語る,"Mar 2, 2026",1411,110
2026-03-05,2Cn8ylwRL1U,学べる手段が圧倒的に少ない!? 初心者ネットワークエンジニアの独学の難しさを語る,"Mar 2, 2026",1411,100
2026-03-06,2Cn8ylwRL1U,学べる手段が圧倒的に少ない!? 初心者ネットワークエンジニアの独学の難しさを語る,"Mar 2, 2026",1411,131
2026-03-07,2Cn8ylwRL1U,学べる手段が圧倒的に少ない!? 初心者ネットワークエンジニアの独学の難しさを語る,"Mar 2, 2026",1411,60
2026-03-08,2Cn8ylwRL1U,学べる手段が圧倒的に少ない!? 初心者ネットワークエンジニアの独学の難しさを語る,"Mar 2, 2026",1411,25
2026-03-09,2Cn8ylwRL1U,学べる手段が圧倒的に少ない!? 初心者ネットワークエンジニアの独学の難しさを語る,"Mar 2, 2026",1411,22
2026-03-10,2Cn8ylwRL1U,学べる手段が圧倒的に少ない!? 初心者ネットワークエンジニアの独学の難しさを語る,"Mar 2, 2026",1411,16
2026-03-11,2Cn8ylwRL1U,学べる手段が圧倒的に少ない!? 初心者ネットワークエンジニアの独学の難しさを語る,"Mar 2, 2026",1411,13
2026-03-12,2Cn8ylwRL1U,学べる手段が圧倒的に少ない!? 初心者ネットワークエンジニアの独学の難しさを語る,"Mar 2, 2026",1411,5
2026-03-13,2Cn8ylwRL1U,学べる手段が圧倒的に少ない!? 初心者ネットワークエンジニアの独学の難しさを語る,"Mar 2, 2026",1411,20
2026-03-14,2Cn8ylwRL1U,学べる手段が圧倒的に少ない!? 初心者ネットワークエンジニアの独学の難しさを語る,"Mar 2, 2026",1411,11
2026-03-15,2Cn8ylwRL1U,学べる手段が圧倒的に少ない!? 初心者ネットワークエンジニアの独学の難しさを語る,"Mar 2, 2026",1411,17
2026-03-16,2Cn8ylwRL1U,学べる手段が圧倒的に少ない!? 初心者ネットワークエンジニアの独学の難しさを語る,"Mar 2, 2026",1411,23
2026-03-17,2Cn8ylwRL1U,学べる手段が圧倒的に少ない!? 初心者ネットワークエンジニアの独学の難しさを語る,"Mar 2, 2026",1411,20
2026-03-18,2Cn8ylwRL1U,学べる手段が圧倒的に少ない!? 初心者ネットワークエンジニアの独学の難しさを語る,"Mar 2, 2026",1411,8
2026-03-19,2Cn8ylwRL1U,学べる手段が圧倒的に少ない!? 初心者ネットワークエンジニアの独学の難しさを語る,"Mar 2, 2026",1411,14
2026-03-20,2Cn8ylwRL1U,学べる手段が圧倒的に少ない!? 初心者ネットワークエンジニアの独学の難しさを語る,"Mar 2, 2026",1411,12
2026-03-21,2Cn8ylwRL1U,学べる手段が圧倒的に少ない!? 初心者ネットワークエンジニアの独学の難しさを語る,"Mar 2, 2026",1411,2
2026-03-22,2Cn8ylwRL1U,学べる手段が圧倒的に少ない!? 初心者ネットワークエンジニアの独学の難しさを語る,"Mar 2, 2026",1411,3
2026-03-23,2Cn8ylwRL1U,学べる手段が圧倒的に少ない!? 初心者ネットワークエンジニアの独学の難しさを語る,"Mar 2, 2026",1411,11
2026-03-24,2Cn8ylwRL1U,学べる手段が圧倒的に少ない!? 初心者ネットワークエンジニアの独学の難しさを語る,"Mar 2, 2026",1411,10
2026-03-25,2Cn8ylwRL1U,学べる手段が圧倒的に少ない!? 初心者ネットワークエンジニアの独学の難しさを語る,"Mar 2, 2026",1411,8
2026-03-26,2Cn8ylwRL1U,学べる手段が圧倒的に少ない!? 初心者ネットワークエンジニアの独学の難しさを語る,"Mar 2, 2026",1411,10
2026-03-27,2Cn8ylwRL1U,学べる手段が圧倒的に少ない!? 初心者ネットワークエンジニアの独学の難しさを語る,"Mar 2, 2026",1411,4
2026-03-28,2Cn8ylwRL1U,学べる手段が圧倒的に少ない!? 初心者ネットワークエンジニアの独学の難しさを語る,"Mar 2, 2026",1411,10
2026-03-29,2Cn8ylwRL1U,学べる手段が圧倒的に少ない!? 初心者ネットワークエンジニアの独学の難しさを語る,"Mar 2, 2026",1411,7
2026-03-30,2Cn8ylwRL1U,学べる手段が圧倒的に少ない!? 初心者ネットワークエンジニアの独学の難しさを語る,"Mar 2, 2026",1411,7
2026-03-31,2Cn8ylwRL1U,学べる手段が圧倒的に少ない!? 初心者ネットワークエンジニアの独学の難しさを語る,"Mar 2, 2026",1411,5
2026-04-01,2Cn8ylwRL1U,学べる手段が圧倒的に少ない!? 初心者ネットワークエンジニアの独学の難しさを語る,"Mar 2, 2026",1411,9
2026-04-02,2Cn8ylwRL1U,学べる手段が圧倒的に少ない!? 初心者ネットワークエンジニアの独学の難しさを語る,"Mar 2, 2026",1411,3
2026-04-03,2Cn8ylwRL1U,学べる手段が圧倒的に少ない!? 初心者ネットワークエンジニアの独学の難しさを語る,"Mar 2, 2026",1411,1
2026-04-04,2Cn8ylwRL1U,学べる手段が圧倒的に少ない!? 初心者ネットワークエンジニアの独学の難しさを語る,"Mar 2, 2026",1411,13
2026-04-05,2Cn8ylwRL1U,学べる手段が圧倒的に少ない!? 初心者ネットワークエンジニアの独学の難しさを語る,"Mar 2, 2026",1411,5
2026-04-06,2Cn8ylwRL1U,学べる手段が圧倒的に少ない!? 初心者ネットワークエンジニアの独学の難しさを語る,"Mar 2, 2026",1411,5
2026-04-07,2Cn8ylwRL1U,学べる手段が圧倒的に少ない!? 初心者ネットワークエンジニアの独学の難しさを語る,"Mar 2, 2026",1411,5
2026-04-08,2Cn8ylwRL1U,学べる手段が圧倒的に少ない!? 初心者ネットワークエンジニアの独学の難しさを語る,"Mar 2, 2026",1411,3
2026-04-09,2Cn8ylwRL1U,学べる手段が圧倒的に少ない!? 初心者ネットワークエンジニアの独学の難しさを語る,"Mar 2, 2026",1411,2
2026-04-10,2Cn8ylwRL1U,学べる手段が圧倒的に少ない!? 初心者ネットワークエンジニアの独学の難しさを語る,"Mar 2, 2026",1411,6
2026-04-11,2Cn8ylwRL1U,学べる手段が圧倒的に少ない!? 初心者ネットワークエンジニアの独学の難しさを語る,"Mar 2, 2026",1411,3
2026-04-12,2Cn8ylwRL1U,学べる手段が圧倒的に少ない!? 初心者ネットワークエンジニアの独学の難しさを語る,"Mar 2, 2026",1411,6
2026-04-13,2Cn8ylwRL1U,学べる手段が圧倒的に少ない!? 初心者ネットワークエンジニアの独学の難しさを語る,"Mar 2, 2026",1411,7
2026-04-14,2Cn8ylwRL1U,学べる手段が圧倒的に少ない!? 初心者ネットワークエンジニアの独学の難しさを語る,"Mar 2, 2026",1411,5
2026-04-15,2Cn8ylwRL1U,学べる手段が圧倒的に少ない!? 初心者ネットワークエンジニアの独学の難しさを語る,"Mar 2, 2026",1411,9
2026-04-16,2Cn8ylwRL1U,学べる手段が圧倒的に少ない!? 初心者ネットワークエンジニアの独学の難しさを語る,"Mar 2, 2026",1411,5
2026-04-17,2Cn8ylwRL1U,学べる手段が圧倒的に少ない!? 初心者ネットワークエンジニアの独学の難しさを語る,"Mar 2, 2026",1411,4
2026-04-18,2Cn8ylwRL1U,学べる手段が圧倒的に少ない!? 初心者ネットワークエンジニアの独学の難しさを語る,"Mar 2, 2026",1411,10
2026-04-19,2Cn8ylwRL1U,学べる手段が圧倒的に少ない!? 初心者ネットワークエンジニアの独学の難しさを語る,"Mar 2, 2026",1411,5
2026-04-20,2Cn8ylwRL1U,学べる手段が圧倒的に少ない!? 初心者ネットワークエンジニアの独学の難しさを語る,"Mar 2, 2026",1411,9
2026-04-21,2Cn8ylwRL1U,学べる手段が圧倒的に少ない!? 初心者ネットワークエンジニアの独学の難しさを語る,"Mar 2, 2026",1411,7
2026-04-22,2Cn8ylwRL1U,学べる手段が圧倒的に少ない!? 初心者ネットワークエンジニアの独学の難しさを語る,"Mar 2, 2026",1411,7
2026-04-23,2Cn8ylwRL1U,学べる手段が圧倒的に少ない!? 初心者ネットワークエンジニアの独学の難しさを語る,"Mar 2, 2026",1411,1
2026-04-24,2Cn8ylwRL1U,学べる手段が圧倒的に少ない!? 初心者ネットワークエンジニアの独学の難しさを語る,"Mar 2, 2026",1411,4
2026-04-25,2Cn8ylwRL1U,学べる手段が圧倒的に少ない!? 初心者ネットワークエンジニアの独学の難しさを語る,"Mar 2, 2026",1411,5
2026-04-26,2Cn8ylwRL1U,学べる手段が圧倒的に少ない!? 初心者ネットワークエンジニアの独学の難しさを語る,"Mar 2, 2026",1411,5
2026-04-27,2Cn8ylwRL1U,学べる手段が圧倒的に少ない!? 初心者ネットワークエンジニアの独学の難しさを語る,"Mar 2, 2026",1411,2
2026-04-28,2Cn8ylwRL1U,学べる手段が圧倒的に少ない!? 初心者ネットワークエンジニアの独学の難しさを語る,"Mar 2, 2026",1411,2
2026-04-29,2Cn8ylwRL1U,学べる手段が圧倒的に少ない!? 初心者ネットワークエンジニアの独学の難しさを語る,"Mar 2, 2026",1411,10
2026-04-30,2Cn8ylwRL1U,学べる手段が圧倒的に少ない!? 初心者ネットワークエンジニアの独学の難しさを語る,"Mar 2, 2026",1411,2
2026-05-01,2Cn8ylwRL1U,学べる手段が圧倒的に少ない!? 初心者ネットワークエンジニアの独学の難しさを語る,"Mar 2, 2026",1411,1
2026-05-02,2Cn8ylwRL1U,学べる手段が圧倒的に少ない!? 初心者ネットワークエンジニアの独学の難しさを語る,"Mar 2, 2026",1411,1
2026-05-03,2Cn8ylwRL1U,学べる手段が圧倒的に少ない!? 初心者ネットワークエンジニアの独学の難しさを語る,"Mar 2, 2026",1411,4
2026-05-04,2Cn8ylwRL1U,学べる手段が圧倒的に少ない!? 初心者ネットワークエンジニアの独学の難しさを語る,"Mar 2, 2026",1411,4
2026-05-05,2Cn8ylwRL1U,学べる手段が圧倒的に少ない!? 初心者ネットワークエンジニアの独学の難しさを語る,"Mar 2, 2026",1411,2
2026-05-06,2Cn8ylwRL1U,学べる手段が圧倒的に少ない!? 初心者ネットワークエンジニアの独学の難しさを語る,"Mar 2, 2026",1411,2
2026-05-07,2Cn8ylwRL1U,学べる手段が圧倒的に少ない!? 初心者ネットワークエンジニアの独学の難しさを語る,"Mar 2, 2026",1411,4
2026-05-08,2Cn8ylwRL1U,学べる手段が圧倒的に少ない!? 初心者ネットワークエンジニアの独学の難しさを語る,"Mar 2, 2026",1411,2
2026-05-09,2Cn8ylwRL1U,学べる手段が圧倒的に少ない!? 初心者ネットワークエンジニアの独学の難しさを語る,"Mar 2, 2026",1411,3
2026-05-10,2Cn8ylwRL1U,学べる手段が圧倒的に少ない!? 初心者ネットワークエンジニアの独学の難しさを語る,"Mar 2, 2026",1411,1
2026-05-11,2Cn8ylwRL1U,学べる手段が圧倒的に少ない!? 初心者ネットワークエンジニアの独学の難しさを語る,"Mar 2, 2026",1411,13
2026-05-12,2Cn8ylwRL1U,学べる手段が圧倒的に少ない!? 初心者ネットワークエンジニアの独学の難しさを語る,"Mar 2, 2026",1411,3
2026-05-13,2Cn8ylwRL1U,学べる手段が圧倒的に少ない!? 初心者ネットワークエンジニアの独学の難しさを語る,"Mar 2, 2026",1411,4
2026-05-14,2Cn8ylwRL1U,学べる手段が圧倒的に少ない!? 初心者ネットワークエンジニアの独学の難しさを語る,"Mar 2, 2026",1411,7
2026-05-15,2Cn8ylwRL1U,学べる手段が圧倒的に少ない!? 初心者ネットワークエンジニアの独学の難しさを語る,"Mar 2, 2026",1411,0
2026-05-16,2Cn8ylwRL1U,学べる手段が圧倒的に少ない!? 初心者ネットワークエンジニアの独学の難しさを語る,"Mar 2, 2026",1411,4
2026-05-17,2Cn8ylwRL1U,学べる手段が圧倒的に少ない!? 初心者ネットワークエンジニアの独学の難しさを語る,"Mar 2, 2026",1411,6
2026-05-18,2Cn8ylwRL1U,学べる手段が圧倒的に少ない!? 初心者ネットワークエンジニアの独学の難しさを語る,"Mar 2, 2026",1411,9
2026-05-19,2Cn8ylwRL1U,学べる手段が圧倒的に少ない!? 初心者ネットワークエンジニアの独学の難しさを語る,"Mar 2, 2026",1411,4
2026-05-20,2Cn8ylwRL1U,学べる手段が圧倒的に少ない!? 初心者ネットワークエンジニアの独学の難しさを語る,"Mar 2, 2026",1411,9
2026-05-21,2Cn8ylwRL1U,学べる手段が圧倒的に少ない!? 初心者ネットワークエンジニアの独学の難しさを語る,"Mar 2, 2026",1411,8
2026-05-22,2Cn8ylwRL1U,学べる手段が圧倒的に少ない!? 初心者ネットワークエンジニアの独学の難しさを語る,"Mar 2, 2026",1411,4
2026-05-23,2Cn8ylwRL1U,学べる手段が圧倒的に少ない!? 初心者ネットワークエンジニアの独学の難しさを語る,"Mar 2, 2026",1411,5
2026-05-24,2Cn8ylwRL1U,学べる手段が圧倒的に少ない!? 初心者ネットワークエンジニアの独学の難しさを語る,"Mar 2, 2026",1411,3
2026-05-25,2Cn8ylwRL1U,学べる手段が圧倒的に少ない!? 初心者ネットワークエンジニアの独学の難しさを語る,"Mar 2, 2026",1411,3
2026-05-26,2Cn8ylwRL1U,学べる手段が圧倒的に少ない!? 初心者ネットワークエンジニアの独学の難しさを語る,"Mar 2, 2026",1411,3
2026-05-27,2Cn8ylwRL1U,学べる手段が圧倒的に少ない!? 初心者ネットワークエンジニアの独学の難しさを語る,"Mar 2, 2026",1411,11
2026-05-28,2Cn8ylwRL1U,学べる手段が圧倒的に少ない!? 初心者ネットワークエンジニアの独学の難しさを語る,"Mar 2, 2026",1411,6
2026-05-29,2Cn8ylwRL1U,学べる手段が圧倒的に少ない!? 初心者ネットワークエンジニアの独学の難しさを語る,"Mar 2, 2026",1411,3
2026-05-30,2Cn8ylwRL1U,学べる手段が圧倒的に少ない!? 初心者ネットワークエンジニアの独学の難しさを語る,"Mar 2, 2026",1411,5
2026-05-31,2Cn8ylwRL1U,学べる手段が圧倒的に少ない!? 初心者ネットワークエンジニアの独学の難しさを語る,"Mar 2, 2026",1411,3
2026-06-01,2Cn8ylwRL1U,学べる手段が圧倒的に少ない!? 初心者ネットワークエンジニアの独学の難しさを語る,"Mar 2, 2026",1411,3
2026-06-02,2Cn8ylwRL1U,学べる手段が圧倒的に少ない!? 初心者ネットワークエンジニアの独学の難しさを語る,"Mar 2, 2026",1411,6
2026-06-03,2Cn8ylwRL1U,学べる手段が圧倒的に少ない!? 初心者ネットワークエンジニアの独学の難しさを語る,"Mar 2, 2026",1411,3
2026-06-04,2Cn8ylwRL1U,学べる手段が圧倒的に少ない!? 初心者ネットワークエンジニアの独学の難しさを語る,"Mar 2, 2026",1411,1
2026-06-05,2Cn8ylwRL1U,学べる手段が圧倒的に少ない!? 初心者ネットワークエンジニアの独学の難しさを語る,"Mar 2, 2026",1411,0
2026-06-06,2Cn8ylwRL1U,学べる手段が圧倒的に少ない!? 初心者ネットワークエンジニアの独学の難しさを語る,"Mar 2, 2026",1411,5
2026-06-07,2Cn8ylwRL1U,学べる手段が圧倒的に少ない!? 初心者ネットワークエンジニアの独学の難しさを語る,"Mar 2, 2026",1411,1
2026-06-08,2Cn8ylwRL1U,学べる手段が圧倒的に少ない!? 初心者ネットワークエンジニアの独学の難しさを語る,"Mar 2, 2026",1411,3
2026-06-09,2Cn8ylwRL1U,学べる手段が圧倒的に少ない!? 初心者ネットワークエンジニアの独学の難しさを語る,"Mar 2, 2026",1411,2
2026-06-10,2Cn8ylwRL1U,学べる手段が圧倒的に少ない!? 初心者ネットワークエンジニアの独学の難しさを語る,"Mar 2, 2026",1411,4
2026-06-11,2Cn8ylwRL1U,学べる手段が圧倒的に少ない!? 初心者ネットワークエンジニアの独学の難しさを語る,"Mar 2, 2026",1411,6
2026-06-12,2Cn8ylwRL1U,学べる手段が圧倒的に少ない!? 初心者ネットワークエンジニアの独学の難しさを語る,"Mar 2, 2026",1411,2
2026-06-13,2Cn8ylwRL1U,学べる手段が圧倒的に少ない!? 初心者ネットワークエンジニアの独学の難しさを語る,"Mar 2, 2026",1411,7
2026-06-14,2Cn8ylwRL1U,学べる手段が圧倒的に少ない!? 初心者ネットワークエンジニアの独学の難しさを語る,"Mar 2, 2026",1411,1
2026-06-15,2Cn8ylwRL1U,学べる手段が圧倒的に少ない!? 初心者ネットワークエンジニアの独学の難しさを語る,"Mar 2, 2026",1411,4
2026-06-16,2Cn8ylwRL1U,学べる手段が圧倒的に少ない!? 初心者ネットワークエンジニアの独学の難しさを語る,"Mar 2, 2026",1411,4
2026-06-17,2Cn8ylwRL1U,学べる手段が圧倒的に少ない!? 初心者ネットワークエンジニアの独学の難しさを語る,"Mar 2, 2026",1411,0
2026-06-18,2Cn8ylwRL1U,学べる手段が圧倒的に少ない!? 初心者ネットワークエンジニアの独学の難しさを語る,"Mar 2, 2026",1411,3
2026-06-19,2Cn8ylwRL1U,学べる手段が圧倒的に少ない!? 初心者ネットワークエンジニアの独学の難しさを語る,"Mar 2, 2026",1411,8
2026-06-20,2Cn8ylwRL1U,学べる手段が圧倒的に少ない!? 初心者ネットワークエンジニアの独学の難しさを語る,"Mar 2, 2026",1411,2
2026-06-21,2Cn8ylwRL1U,学べる手段が圧倒的に少ない!? 初心者ネットワークエンジニアの独学の難しさを語る,"Mar 2, 2026",1411,3
2026-06-22,2Cn8ylwRL1U,学べる手段が圧倒的に少ない!? 初心者ネットワークエンジニアの独学の難しさを語る,"Mar 2, 2026",1411,3
2026-06-23,2Cn8ylwRL1U,学べる手段が圧倒的に少ない!? 初心者ネットワークエンジニアの独学の難しさを語る,"Mar 2, 2026",1411,5
2026-06-24,2Cn8ylwRL1U,学べる手段が圧倒的に少ない!? 初心者ネットワークエンジニアの独学の難しさを語る,"Mar 2, 2026",1411,4
2026-06-25,2Cn8ylwRL1U,学べる手段が圧倒的に少ない!? 初心者ネットワークエンジニアの独学の難しさを語る,"Mar 2, 2026",1411,0
2026-06-26,2Cn8ylwRL1U,学べる手段が圧倒的に少ない!? 初心者ネットワークエンジニアの独学の難しさを語る,"Mar 2, 2026",1411,2
2026-06-27,2Cn8ylwRL1U,学べる手段が圧倒的に少ない!? 初心者ネットワークエンジニアの独学の難しさを語る,"Mar 2, 2026",1411,1
2026-06-28,2Cn8ylwRL1U,学べる手段が圧倒的に少ない!? 初心者ネットワークエンジニアの独学の難しさを語る,"Mar 2, 2026",1411,6
2026-06-29,2Cn8ylwRL1U,学べる手段が圧倒的に少ない!? 初心者ネットワークエンジニアの独学の難しさを語る,"Mar 2, 2026",1411,3
2026-06-30,2Cn8ylwRL1U,学べる手段が圧倒的に少ない!? 初心者ネットワークエンジニアの独学の難しさを語る,"Mar 2, 2026",1411,0
2026-07-01,2Cn8ylwRL1U,学べる手段が圧倒的に少ない!? 初心者ネットワークエンジニアの独学の難しさを語る,"Mar 2, 2026",1411,5
2026-07-02,2Cn8ylwRL1U,学べる手段が圧倒的に少ない!? 初心者ネットワークエンジニアの独学の難しさを語る,"Mar 2, 2026",1411,2
2026-07-03,2Cn8ylwRL1U,学べる手段が圧倒的に少ない!? 初心者ネットワークエンジニアの独学の難しさを語る,"Mar 2, 2026",1411,4
2026-07-04,2Cn8ylwRL1U,学べる手段が圧倒的に少ない!? 初心者ネットワークエンジニアの独学の難しさを語る,"Mar 2, 2026",1411,3
2026-07-05,2Cn8ylwRL1U,学べる手段が圧倒的に少ない!? 初心者ネットワークエンジニアの独学の難しさを語る,"Mar 2, 2026",1411,2
2026-07-06,2Cn8ylwRL1U,学べる手段が圧倒的に少ない!? 初心者ネットワークエンジニアの独学の難しさを語る,"Mar 2, 2026",1411,5
2026-07-07,2Cn8ylwRL1U,学べる手段が圧倒的に少ない!? 初心者ネットワークエンジニアの独学の難しさを語る,"Mar 2, 2026",1411,2
2026-07-08,2Cn8ylwRL1U,学べる手段が圧倒的に少ない!? 初心者ネットワークエンジニアの独学の難しさを語る,"Mar 2, 2026",1411,8
2026-07-09,2Cn8ylwRL1U,学べる手段が圧倒的に少ない!? 初心者ネットワークエンジニアの独学の難しさを語る,"Mar 2, 2026",1411,4
2026-07-10,2Cn8ylwRL1U,学べる手段が圧倒的に少ない!? 初心者ネットワークエンジニアの独学の難しさを語る,"Mar 2, 2026",1411,6
2026-07-11,2Cn8ylwRL1U,学べる手段が圧倒的に少ない!? 初心者ネットワークエンジニアの独学の難しさを語る,"Mar 2, 2026",1411,7
2026-07-12,2Cn8ylwRL1U,学べる手段が圧倒的に少ない!? 初心者ネットワークエンジニアの独学の難しさを語る,"Mar 2, 2026",1411,4
2026-07-13,2Cn8ylwRL1U,学べる手段が圧倒的に少ない!? 初心者ネットワークエンジニアの独学の難しさを語る,"Mar 2, 2026",1411,4
2026-07-14,2Cn8ylwRL1U,学べる手段が圧倒的に少ない!? 初心者ネットワークエンジニアの独学の難しさを語る,"Mar 2, 2026",1411,2
2026-07-15,2Cn8ylwRL1U,学べる手段が圧倒的に少ない!? 初心者ネットワークエンジニアの独学の難しさを語る,"Mar 2, 2026",1411,2
2026-07-16,2Cn8ylwRL1U,学べる手段が圧倒的に少ない!? 初心者ネットワークエンジニアの独学の難しさを語る,"Mar 2, 2026",1411,0
2026-07-17,2Cn8ylwRL1U,学べる手段が圧倒的に少ない!? 初心者ネットワークエンジニアの独学の難しさを語る,"Mar 2, 2026",1411,2
2026-07-18,2Cn8ylwRL1U,学べる手段が圧倒的に少ない!? 初心者ネットワークエンジニアの独学の難しさを語る,"Mar 2, 2026",1411,0
2026-07-19,2Cn8ylwRL1U,学べる手段が圧倒的に少ない!? 初心者ネットワークエンジニアの独学の難しさを語る,"Mar 2, 2026",1411,1
2026-07-20,2Cn8ylwRL1U,学べる手段が圧倒的に少ない!? 初心者ネットワークエンジニアの独学の難しさを語る,"Mar 2, 2026",1411,0
2026-07-21,2Cn8ylwRL1U,学べる手段が圧倒的に少ない!? 初心者ネットワークエンジニアの独学の難しさを語る,"Mar 2, 2026",1411,1
2026-07-22,2Cn8ylwRL1U,学べる手段が圧倒的に少ない!? 初心者ネットワークエンジニアの独学の難しさを語る,"Mar 2, 2026",1411,2
2026-02-23,2qNRO7_5RmQ,初心者が最初につまづく「ルーター」と「スイッチ」の違いを解説,"Apr 22, 2024",1171,30
2026-02-24,2qNRO7_5RmQ,初心者が最初につまづく「ルーター」と「スイッチ」の違いを解説,"Apr 22, 2024",1171,27
2026-02-25,2qNRO7_5RmQ,初心者が最初につまづく「ルーター」と「スイッチ」の違いを解説,"Apr 22, 2024",1171,45
2026-02-26,2qNRO7_5RmQ,初心者が最初につまづく「ルーター」と「スイッチ」の違いを解説,"Apr 22, 2024",1171,20
2026-02-27,2qNRO7_5RmQ,初心者が最初につまづく「ルーター」と「スイッチ」の違いを解説,"Apr 22, 2024",1171,22
2026-02-28,2qNRO7_5RmQ,初心者が最初につまづく「ルーター」と「スイッチ」の違いを解説,"Apr 22, 2024",1171,40
2026-03-01,2qNRO7_5RmQ,初心者が最初につまづく「ルーター」と「スイッチ」の違いを解説,"Apr 22, 2024",1171,25
2026-03-02,2qNRO7_5RmQ,初心者が最初につまづく「ルーター」と「スイッチ」の違いを解説,"Apr 22, 2024",1171,30
2026-03-03,2qNRO7_5RmQ,初心者が最初につまづく「ルーター」と「スイッチ」の違いを解説,"Apr 22, 2024",1171,30
2026-03-04,2qNRO7_5RmQ,初心者が最初につまづく「ルーター」と「スイッチ」の違いを解説,"Apr 22, 2024",1171,27
2026-03-05,2qNRO7_5RmQ,初心者が最初につまづく「ルーター」と「スイッチ」の違いを解説,"Apr 22, 2024",1171,35
2026-03-06,2qNRO7_5RmQ,初心者が最初につまづく「ルーター」と「スイッチ」の違いを解説,"Apr 22, 2024",1171,31
2026-03-07,2qNRO7_5RmQ,初心者が最初につまづく「ルーター」と「スイッチ」の違いを解説,"Apr 22, 2024",1171,25
2026-03-08,2qNRO7_5RmQ,初心者が最初につまづく「ルーター」と「スイッチ」の違いを解説,"Apr 22, 2024",1171,20
2026-03-09,2qNRO7_5RmQ,初心者が最初につまづく「ルーター」と「スイッチ」の違いを解説,"Apr 22, 2024",1171,30
2026-03-10,2qNRO7_5RmQ,初心者が最初につまづく「ルーター」と「スイッチ」の違いを解説,"Apr 22, 2024",1171,27
2026-03-11,2qNRO7_5RmQ,初心者が最初につまづく「ルーター」と「スイッチ」の違いを解説,"Apr 22, 2024",1171,34
2026-03-12,2qNRO7_5RmQ,初心者が最初につまづく「ルーター」と「スイッチ」の違いを解説,"Apr 22, 2024",1171,35
2026-03-13,2qNRO7_5RmQ,初心者が最初につまづく「ルーター」と「スイッチ」の違いを解説,"Apr 22, 2024",1171,25
2026-03-14,2qNRO7_5RmQ,初心者が最初につまづく「ルーター」と「スイッチ」の違いを解説,"Apr 22, 2024",1171,23
2026-03-15,2qNRO7_5RmQ,初心者が最初につまづく「ルーター」と「スイッチ」の違いを解説,"Apr 22, 2024",1171,26
2026-03-16,2qNRO7_5RmQ,初心者が最初につまづく「ルーター」と「スイッチ」の違いを解説,"Apr 22, 2024",1171,32
2026-03-17,2qNRO7_5RmQ,初心者が最初につまづく「ルーター」と「スイッチ」の違いを解説,"Apr 22, 2024",1171,36
2026-03-18,2qNRO7_5RmQ,初心者が最初につまづく「ルーター」と「スイッチ」の違いを解説,"Apr 22, 2024",1171,24
2026-03-19,2qNRO7_5RmQ,初心者が最初につまづく「ルーター」と「スイッチ」の違いを解説,"Apr 22, 2024",1171,21
2026-03-20,2qNRO7_5RmQ,初心者が最初につまづく「ルーター」と「スイッチ」の違いを解説,"Apr 22, 2024",1171,28
2026-03-21,2qNRO7_5RmQ,初心者が最初につまづく「ルーター」と「スイッチ」の違いを解説,"Apr 22, 2024",1171,23
2026-03-22,2qNRO7_5RmQ,初心者が最初につまづく「ルーター」と「スイッチ」の違いを解説,"Apr 22, 2024",1171,36
2026-03-23,2qNRO7_5RmQ,初心者が最初につまづく「ルーター」と「スイッチ」の違いを解説,"Apr 22, 2024",1171,39
2026-03-24,2qNRO7_5RmQ,初心者が最初につまづく「ルーター」と「スイッチ」の違いを解説,"Apr 22, 2024",1171,31
2026-03-25,2qNRO7_5RmQ,初心者が最初につまづく「ルーター」と「スイッチ」の違いを解説,"Apr 22, 2024",1171,39
2026-03-26,2qNRO7_5RmQ,初心者が最初につまづく「ルーター」と「スイッチ」の違いを解説,"Apr 22, 2024",1171,25
2026-03-27,2qNRO7_5RmQ,初心者が最初につまづく「ルーター」と「スイッチ」の違いを解説,"Apr 22, 2024",1171,32
2026-03-28,2qNRO7_5RmQ,初心者が最初につまづく「ルーター」と「スイッチ」の違いを解説,"Apr 22, 2024",1171,32
2026-03-29,2qNRO7_5RmQ,初心者が最初につまづく「ルーター」と「スイッチ」の違いを解説,"Apr 22, 2024",1171,31
2026-03-30,2qNRO7_5RmQ,初心者が最初につまづく「ルーター」と「スイッチ」の違いを解説,"Apr 22, 2024",1171,40
2026-03-31,2qNRO7_5RmQ,初心者が最初につまづく「ルーター」と「スイッチ」の違いを解説,"Apr 22, 2024",1171,21
2026-04-01,2qNRO7_5RmQ,初心者が最初につまづく「ルーター」と「スイッチ」の違いを解説,"Apr 22, 2024",1171,33
2026-04-02,2qNRO7_5RmQ,初心者が最初につまづく「ルーター」と「スイッチ」の違いを解説,"Apr 22, 2024",1171,48
2026-04-03,2qNRO7_5RmQ,初心者が最初につまづく「ルーター」と「スイッチ」の違いを解説,"Apr 22, 2024",1171,26
2026-04-04,2qNRO7_5RmQ,初心者が最初につまづく「ルーター」と「スイッチ」の違いを解説,"Apr 22, 2024",1171,33
2026-04-05,2qNRO7_5RmQ,初心者が最初につまづく「ルーター」と「スイッチ」の違いを解説,"Apr 22, 2024",1171,33
2026-04-06,2qNRO7_5RmQ,初心者が最初につまづく「ルーター」と「スイッチ」の違いを解説,"Apr 22, 2024",1171,21
2026-04-07,2qNRO7_5RmQ,初心者が最初につまづく「ルーター」と「スイッチ」の違いを解説,"Apr 22, 2024",1171,47
2026-04-08,2qNRO7_5RmQ,初心者が最初につまづく「ルーター」と「スイッチ」の違いを解説,"Apr 22, 2024",1171,32
2026-04-09,2qNRO7_5RmQ,初心者が最初につまづく「ルーター」と「スイッチ」の違いを解説,"Apr 22, 2024",1171,21
2026-04-10,2qNRO7_5RmQ,初心者が最初につまづく「ルーター」と「スイッチ」の違いを解説,"Apr 22, 2024",1171,34
2026-04-11,2qNRO7_5RmQ,初心者が最初につまづく「ルーター」と「スイッチ」の違いを解説,"Apr 22, 2024",1171,38
2026-04-12,2qNRO7_5RmQ,初心者が最初につまづく「ルーター」と「スイッチ」の違いを解説,"Apr 22, 2024",1171,36
2026-04-13,2qNRO7_5RmQ,初心者が最初につまづく「ルーター」と「スイッチ」の違いを解説,"Apr 22, 2024",1171,38
2026-04-14,2qNRO7_5RmQ,初心者が最初につまづく「ルーター」と「スイッチ」の違いを解説,"Apr 22, 2024",1171,29
2026-04-15,2qNRO7_5RmQ,初心者が最初につまづく「ルーター」と「スイッチ」の違いを解説,"Apr 22, 2024",1171,31
2026-04-16,2qNRO7_5RmQ,初心者が最初につまづく「ルーター」と「スイッチ」の違いを解説,"Apr 22, 2024",1171,52
2026-04-17,2qNRO7_5RmQ,初心者が最初につまづく「ルーター」と「スイッチ」の違いを解説,"Apr 22, 2024",1171,30
2026-04-18,2qNRO7_5RmQ,初心者が最初につまづく「ルーター」と「スイッチ」の違いを解説,"Apr 22, 2024",1171,40
2026-04-19,2qNRO7_5RmQ,初心者が最初につまづく「ルーター」と「スイッチ」の違いを解説,"Apr 22, 2024",1171,27
2026-04-20,2qNRO7_5RmQ,初心者が最初につまづく「ルーター」と「スイッチ」の違いを解説,"Apr 22, 2024",1171,40
2026-04-21,2qNRO7_5RmQ,初心者が最初につまづく「ルーター」と「スイッチ」の違いを解説,"Apr 22, 2024",1171,39
2026-04-22,2qNRO7_5RmQ,初心者が最初につまづく「ルーター」と「スイッチ」の違いを解説,"Apr 22, 2024",1171,31
2026-04-23,2qNRO7_5RmQ,初心者が最初につまづく「ルーター」と「スイッチ」の違いを解説,"Apr 22, 2024",1171,18
2026-04-24,2qNRO7_5RmQ,初心者が最初につまづく「ルーター」と「スイッチ」の違いを解説,"Apr 22, 2024",1171,23
2026-04-25,2qNRO7_5RmQ,初心者が最初につまづく「ルーター」と「スイッチ」の違いを解説,"Apr 22, 2024",1171,27
2026-04-26,2qNRO7_5RmQ,初心者が最初につまづく「ルーター」と「スイッチ」の違いを解説,"Apr 22, 2024",1171,32
2026-04-27,2qNRO7_5RmQ,初心者が最初につまづく「ルーター」と「スイッチ」の違いを解説,"Apr 22, 2024",1171,32
2026-04-28,2qNRO7_5RmQ,初心者が最初につまづく「ルーター」と「スイッチ」の違いを解説,"Apr 22, 2024",1171,35
2026-04-29,2qNRO7_5RmQ,初心者が最初につまづく「ルーター」と「スイッチ」の違いを解説,"Apr 22, 2024",1171,31
2026-04-30,2qNRO7_5RmQ,初心者が最初につまづく「ルーター」と「スイッチ」の違いを解説,"Apr 22, 2024",1171,25
2026-05-01,2qNRO7_5RmQ,初心者が最初につまづく「ルーター」と「スイッチ」の違いを解説,"Apr 22, 2024",1171,27
2026-05-02,2qNRO7_5RmQ,初心者が最初につまづく「ルーター」と「スイッチ」の違いを解説,"Apr 22, 2024",1171,35
2026-05-03,2qNRO7_5RmQ,初心者が最初につまづく「ルーター」と「スイッチ」の違いを解説,"Apr 22, 2024",1171,19
2026-05-04,2qNRO7_5RmQ,初心者が最初につまづく「ルーター」と「スイッチ」の違いを解説,"Apr 22, 2024",1171,25
2026-05-05,2qNRO7_5RmQ,初心者が最初につまづく「ルーター」と「スイッチ」の違いを解説,"Apr 22, 2024",1171,25
2026-05-06,2qNRO7_5RmQ,初心者が最初につまづく「ルーター」と「スイッチ」の違いを解説,"Apr 22, 2024",1171,31
2026-05-07,2qNRO7_5RmQ,初心者が最初につまづく「ルーター」と「スイッチ」の違いを解説,"Apr 22, 2024",1171,20
2026-05-08,2qNRO7_5RmQ,初心者が最初につまづく「ルーター」と「スイッチ」の違いを解説,"Apr 22, 2024",1171,26
2026-05-09,2qNRO7_5RmQ,初心者が最初につまづく「ルーター」と「スイッチ」の違いを解説,"Apr 22, 2024",1171,33
2026-05-10,2qNRO7_5RmQ,初心者が最初につまづく「ルーター」と「スイッチ」の違いを解説,"Apr 22, 2024",1171,23
2026-05-11,2qNRO7_5RmQ,初心者が最初につまづく「ルーター」と「スイッチ」の違いを解説,"Apr 22, 2024",1171,27
2026-05-12,2qNRO7_5RmQ,初心者が最初につまづく「ルーター」と「スイッチ」の違いを解説,"Apr 22, 2024",1171,30
2026-05-13,2qNRO7_5RmQ,初心者が最初につまづく「ルーター」と「スイッチ」の違いを解説,"Apr 22, 2024",1171,29
2026-05-14,2qNRO7_5RmQ,初心者が最初につまづく「ルーター」と「スイッチ」の違いを解説,"Apr 22, 2024",1171,22
2026-05-15,2qNRO7_5RmQ,初心者が最初につまづく「ルーター」と「スイッチ」の違いを解説,"Apr 22, 2024",1171,27
2026-05-16,2qNRO7_5RmQ,初心者が最初につまづく「ルーター」と「スイッチ」の違いを解説,"Apr 22, 2024",1171,24
2026-05-17,2qNRO7_5RmQ,初心者が最初につまづく「ルーター」と「スイッチ」の違いを解説,"Apr 22, 2024",1171,14
2026-05-18,2qNRO7_5RmQ,初心者が最初につまづく「ルーター」と「スイッチ」の違いを解説,"Apr 22, 2024",1171,24
2026-05-19,2qNRO7_5RmQ,初心者が最初につまづく「ルーター」と「スイッチ」の違いを解説,"Apr 22, 2024",1171,25
2026-05-20,2qNRO7_5RmQ,初心者が最初につまづく「ルーター」と「スイッチ」の違いを解説,"Apr 22, 2024",1171,33
2026-05-21,2qNRO7_5RmQ,初心者が最初につまづく「ルーター」と「スイッチ」の違いを解説,"Apr 22, 2024",1171,16
2026-05-22,2qNRO7_5RmQ,初心者が最初につまづく「ルーター」と「スイッチ」の違いを解説,"Apr 22, 2024",1171,19
2026-05-23,2qNRO7_5RmQ,初心者が最初につまづく「ルーター」と「スイッチ」の違いを解説,"Apr 22, 2024",1171,19
2026-05-24,2qNRO7_5RmQ,初心者が最初につまづく「ルーター」と「スイッチ」の違いを解説,"Apr 22, 2024",1171,26
2026-05-25,2qNRO7_5RmQ,初心者が最初につまづく「ルーター」と「スイッチ」の違いを解説,"Apr 22, 2024",1171,18
2026-05-26,2qNRO7_5RmQ,初心者が最初につまづく「ルーター」と「スイッチ」の違いを解説,"Apr 22, 2024",1171,13
2026-05-27,2qNRO7_5RmQ,初心者が最初につまづく「ルーター」と「スイッチ」の違いを解説,"Apr 22, 2024",1171,20
2026-05-28,2qNRO7_5RmQ,初心者が最初につまづく「ルーター」と「スイッチ」の違いを解説,"Apr 22, 2024",1171,17
2026-05-29,2qNRO7_5RmQ,初心者が最初につまづく「ルーター」と「スイッチ」の違いを解説,"Apr 22, 2024",1171,22
2026-05-30,2qNRO7_5RmQ,初心者が最初につまづく「ルーター」と「スイッチ」の違いを解説,"Apr 22, 2024",1171,20
2026-05-31,2qNRO7_5RmQ,初心者が最初につまづく「ルーター」と「スイッチ」の違いを解説,"Apr 22, 2024",1171,19
2026-06-01,2qNRO7_5RmQ,初心者が最初につまづく「ルーター」と「スイッチ」の違いを解説,"Apr 22, 2024",1171,12
2026-06-02,2qNRO7_5RmQ,初心者が最初につまづく「ルーター」と「スイッチ」の違いを解説,"Apr 22, 2024",1171,10
2026-06-03,2qNRO7_5RmQ,初心者が最初につまづく「ルーター」と「スイッチ」の違いを解説,"Apr 22, 2024",1171,32
2026-06-04,2qNRO7_5RmQ,初心者が最初につまづく「ルーター」と「スイッチ」の違いを解説,"Apr 22, 2024",1171,30
2026-06-05,2qNRO7_5RmQ,初心者が最初につまづく「ルーター」と「スイッチ」の違いを解説,"Apr 22, 2024",1171,11
2026-06-06,2qNRO7_5RmQ,初心者が最初につまづく「ルーター」と「スイッチ」の違いを解説,"Apr 22, 2024",1171,24
2026-06-07,2qNRO7_5RmQ,初心者が最初につまづく「ルーター」と「スイッチ」の違いを解説,"Apr 22, 2024",1171,30
2026-06-08,2qNRO7_5RmQ,初心者が最初につまづく「ルーター」と「スイッチ」の違いを解説,"Apr 22, 2024",1171,23
2026-06-09,2qNRO7_5RmQ,初心者が最初につまづく「ルーター」と「スイッチ」の違いを解説,"Apr 22, 2024",1171,24
2026-06-10,2qNRO7_5RmQ,初心者が最初につまづく「ルーター」と「スイッチ」の違いを解説,"Apr 22, 2024",1171,40
2026-06-11,2qNRO7_5RmQ,初心者が最初につまづく「ルーター」と「スイッチ」の違いを解説,"Apr 22, 2024",1171,27
2026-06-12,2qNRO7_5RmQ,初心者が最初につまづく「ルーター」と「スイッチ」の違いを解説,"Apr 22, 2024",1171,25
2026-06-13,2qNRO7_5RmQ,初心者が最初につまづく「ルーター」と「スイッチ」の違いを解説,"Apr 22, 2024",1171,22
2026-06-14,2qNRO7_5RmQ,初心者が最初につまづく「ルーター」と「スイッチ」の違いを解説,"Apr 22, 2024",1171,26
2026-06-15,2qNRO7_5RmQ,初心者が最初につまづく「ルーター」と「スイッチ」の違いを解説,"Apr 22, 2024",1171,36
2026-06-16,2qNRO7_5RmQ,初心者が最初につまづく「ルーター」と「スイッチ」の違いを解説,"Apr 22, 2024",1171,14
2026-06-17,2qNRO7_5RmQ,初心者が最初につまづく「ルーター」と「スイッチ」の違いを解説,"Apr 22, 2024",1171,23
2026-06-18,2qNRO7_5RmQ,初心者が最初につまづく「ルーター」と「スイッチ」の違いを解説,"Apr 22, 2024",1171,37
2026-06-19,2qNRO7_5RmQ,初心者が最初につまづく「ルーター」と「スイッチ」の違いを解説,"Apr 22, 2024",1171,24
2026-06-20,2qNRO7_5RmQ,初心者が最初につまづく「ルーター」と「スイッチ」の違いを解説,"Apr 22, 2024",1171,32
2026-06-21,2qNRO7_5RmQ,初心者が最初につまづく「ルーター」と「スイッチ」の違いを解説,"Apr 22, 2024",1171,33
2026-06-22,2qNRO7_5RmQ,初心者が最初につまづく「ルーター」と「スイッチ」の違いを解説,"Apr 22, 2024",1171,28
2026-06-23,2qNRO7_5RmQ,初心者が最初につまづく「ルーター」と「スイッチ」の違いを解説,"Apr 22, 2024",1171,41
2026-06-24,2qNRO7_5RmQ,初心者が最初につまづく「ルーター」と「スイッチ」の違いを解説,"Apr 22, 2024",1171,36
2026-06-25,2qNRO7_5RmQ,初心者が最初につまづく「ルーター」と「スイッチ」の違いを解説,"Apr 22, 2024",1171,37
2026-06-26,2qNRO7_5RmQ,初心者が最初につまづく「ルーター」と「スイッチ」の違いを解説,"Apr 22, 2024",1171,33
2026-06-27,2qNRO7_5RmQ,初心者が最初につまづく「ルーター」と「スイッチ」の違いを解説,"Apr 22, 2024",1171,45
2026-06-28,2qNRO7_5RmQ,初心者が最初につまづく「ルーター」と「スイッチ」の違いを解説,"Apr 22, 2024",1171,34
2026-06-29,2qNRO7_5RmQ,初心者が最初につまづく「ルーター」と「スイッチ」の違いを解説,"Apr 22, 2024",1171,50
2026-06-30,2qNRO7_5RmQ,初心者が最初につまづく「ルーター」と「スイッチ」の違いを解説,"Apr 22, 2024",1171,53
2026-07-01,2qNRO7_5RmQ,初心者が最初につまづく「ルーター」と「スイッチ」の違いを解説,"Apr 22, 2024",1171,69
2026-07-02,2qNRO7_5RmQ,初心者が最初につまづく「ルーター」と「スイッチ」の違いを解説,"Apr 22, 2024",1171,55
2026-07-03,2qNRO7_5RmQ,初心者が最初につまづく「ルーター」と「スイッチ」の違いを解説,"Apr 22, 2024",1171,42
2026-07-04,2qNRO7_5RmQ,初心者が最初につまづく「ルーター」と「スイッチ」の違いを解説,"Apr 22, 2024",1171,59
2026-07-05,2qNRO7_5RmQ,初心者が最初につまづく「ルーター」と「スイッチ」の違いを解説,"Apr 22, 2024",1171,50
2026-07-06,2qNRO7_5RmQ,初心者が最初につまづく「ルーター」と「スイッチ」の違いを解説,"Apr 22, 2024",1171,48
2026-07-07,2qNRO7_5RmQ,初心者が最初につまづく「ルーター」と「スイッチ」の違いを解説,"Apr 22, 2024",1171,38
2026-07-08,2qNRO7_5RmQ,初心者が最初につまづく「ルーター」と「スイッチ」の違いを解説,"Apr 22, 2024",1171,32
2026-07-09,2qNRO7_5RmQ,初心者が最初につまづく「ルーター」と「スイッチ」の違いを解説,"Apr 22, 2024",1171,36
2026-07-10,2qNRO7_5RmQ,初心者が最初につまづく「ルーター」と「スイッチ」の違いを解説,"Apr 22, 2024",1171,34
2026-07-11,2qNRO7_5RmQ,初心者が最初につまづく「ルーター」と「スイッチ」の違いを解説,"Apr 22, 2024",1171,53
2026-07-12,2qNRO7_5RmQ,初心者が最初につまづく「ルーター」と「スイッチ」の違いを解説,"Apr 22, 2024",1171,106
2026-07-13,2qNRO7_5RmQ,初心者が最初につまづく「ルーター」と「スイッチ」の違いを解説,"Apr 22, 2024",1171,52
2026-07-14,2qNRO7_5RmQ,初心者が最初につまづく「ルーター」と「スイッチ」の違いを解説,"Apr 22, 2024",1171,43
2026-07-15,2qNRO7_5RmQ,初心者が最初につまづく「ルーター」と「スイッチ」の違いを解説,"Apr 22, 2024",1171,64
2026-07-16,2qNRO7_5RmQ,初心者が最初につまづく「ルーター」と「スイッチ」の違いを解説,"Apr 22, 2024",1171,69
2026-07-17,2qNRO7_5RmQ,初心者が最初につまづく「ルーター」と「スイッチ」の違いを解説,"Apr 22, 2024",1171,40
2026-07-18,2qNRO7_5RmQ,初心者が最初につまづく「ルーター」と「スイッチ」の違いを解説,"Apr 22, 2024",1171,47
2026-07-19,2qNRO7_5RmQ,初心者が最初につまづく「ルーター」と「スイッチ」の違いを解説,"Apr 22, 2024",1171,76
2026-07-20,2qNRO7_5RmQ,初心者が最初につまづく「ルーター」と「スイッチ」の違いを解説,"Apr 22, 2024",1171,68
2026-07-21,2qNRO7_5RmQ,初心者が最初につまづく「ルーター」と「スイッチ」の違いを解説,"Apr 22, 2024",1171,60
2026-07-22,2qNRO7_5RmQ,初心者が最初につまづく「ルーター」と「スイッチ」の違いを解説,"Apr 22, 2024",1171,42
2026-02-23,OEHAw6zuZ_Q,【30分で解説】BGPってなに？【BGPがわかるとインターネットがわかる】,"Mar 21, 2022",1969,18
2026-02-24,OEHAw6zuZ_Q,【30分で解説】BGPってなに？【BGPがわかるとインターネットがわかる】,"Mar 21, 2022",1969,16
2026-02-25,OEHAw6zuZ_Q,【30分で解説】BGPってなに？【BGPがわかるとインターネットがわかる】,"Mar 21, 2022",1969,14
2026-02-26,OEHAw6zuZ_Q,【30分で解説】BGPってなに？【BGPがわかるとインターネットがわかる】,"Mar 21, 2022",1969,18
2026-02-27,OEHAw6zuZ_Q,【30分で解説】BGPってなに？【BGPがわかるとインターネットがわかる】,"Mar 21, 2022",1969,15
2026-02-28,OEHAw6zuZ_Q,【30分で解説】BGPってなに？【BGPがわかるとインターネットがわかる】,"Mar 21, 2022",1969,19
2026-03-01,OEHAw6zuZ_Q,【30分で解説】BGPってなに？【BGPがわかるとインターネットがわかる】,"Mar 21, 2022",1969,11
2026-03-02,OEHAw6zuZ_Q,【30分で解説】BGPってなに？【BGPがわかるとインターネットがわかる】,"Mar 21, 2022",1969,15
2026-03-03,OEHAw6zuZ_Q,【30分で解説】BGPってなに？【BGPがわかるとインターネットがわかる】,"Mar 21, 2022",1969,23
2026-03-04,OEHAw6zuZ_Q,【30分で解説】BGPってなに？【BGPがわかるとインターネットがわかる】,"Mar 21, 2022",1969,16
2026-03-05,OEHAw6zuZ_Q,【30分で解説】BGPってなに？【BGPがわかるとインターネットがわかる】,"Mar 21, 2022",1969,20
2026-03-06,OEHAw6zuZ_Q,【30分で解説】BGPってなに？【BGPがわかるとインターネットがわかる】,"Mar 21, 2022",1969,12
2026-03-07,OEHAw6zuZ_Q,【30分で解説】BGPってなに？【BGPがわかるとインターネットがわかる】,"Mar 21, 2022",1969,13
2026-03-08,OEHAw6zuZ_Q,【30分で解説】BGPってなに？【BGPがわかるとインターネットがわかる】,"Mar 21, 2022",1969,9
2026-03-09,OEHAw6zuZ_Q,【30分で解説】BGPってなに？【BGPがわかるとインターネットがわかる】,"Mar 21, 2022",1969,18
2026-03-10,OEHAw6zuZ_Q,【30分で解説】BGPってなに？【BGPがわかるとインターネットがわかる】,"Mar 21, 2022",1969,14
2026-03-11,OEHAw6zuZ_Q,【30分で解説】BGPってなに？【BGPがわかるとインターネットがわかる】,"Mar 21, 2022",1969,10
2026-03-12,OEHAw6zuZ_Q,【30分で解説】BGPってなに？【BGPがわかるとインターネットがわかる】,"Mar 21, 2022",1969,19
2026-03-13,OEHAw6zuZ_Q,【30分で解説】BGPってなに？【BGPがわかるとインターネットがわかる】,"Mar 21, 2022",1969,14
2026-03-14,OEHAw6zuZ_Q,【30分で解説】BGPってなに？【BGPがわかるとインターネットがわかる】,"Mar 21, 2022",1969,12
2026-03-15,OEHAw6zuZ_Q,【30分で解説】BGPってなに？【BGPがわかるとインターネットがわかる】,"Mar 21, 2022",1969,9
2026-03-16,OEHAw6zuZ_Q,【30分で解説】BGPってなに？【BGPがわかるとインターネットがわかる】,"Mar 21, 2022",1969,11
2026-03-17,OEHAw6zuZ_Q,【30分で解説】BGPってなに？【BGPがわかるとインターネットがわかる】,"Mar 21, 2022",1969,14
2026-03-18,OEHAw6zuZ_Q,【30分で解説】BGPってなに？【BGPがわかるとインターネットがわかる】,"Mar 21, 2022",1969,14
2026-03-19,OEHAw6zuZ_Q,【30分で解説】BGPってなに？【BGPがわかるとインターネットがわかる】,"Mar 21, 2022",1969,13
2026-03-20,OEHAw6zuZ_Q,【30分で解説】BGPってなに？【BGPがわかるとインターネットがわかる】,"Mar 21, 2022",1969,12
2026-03-21,OEHAw6zuZ_Q,【30分で解説】BGPってなに？【BGPがわかるとインターネットがわかる】,"Mar 21, 2022",1969,9
2026-03-22,OEHAw6zuZ_Q,【30分で解説】BGPってなに？【BGPがわかるとインターネットがわかる】,"Mar 21, 2022",1969,7
2026-03-23,OEHAw6zuZ_Q,【30分で解説】BGPってなに？【BGPがわかるとインターネットがわかる】,"Mar 21, 2022",1969,11
2026-03-24,OEHAw6zuZ_Q,【30分で解説】BGPってなに？【BGPがわかるとインターネットがわかる】,"Mar 21, 2022",1969,15
2026-03-25,OEHAw6zuZ_Q,【30分で解説】BGPってなに？【BGPがわかるとインターネットがわかる】,"Mar 21, 2022",1969,12
2026-03-26,OEHAw6zuZ_Q,【30分で解説】BGPってなに？【BGPがわかるとインターネットがわかる】,"Mar 21, 2022",1969,13
2026-03-27,OEHAw6zuZ_Q,【30分で解説】BGPってなに？【BGPがわかるとインターネットがわかる】,"Mar 21, 2022",1969,10
2026-03-28,OEHAw6zuZ_Q,【30分で解説】BGPってなに？【BGPがわかるとインターネットがわかる】,"Mar 21, 2022",1969,10
2026-03-29,OEHAw6zuZ_Q,【30分で解説】BGPってなに？【BGPがわかるとインターネットがわかる】,"Mar 21, 2022",1969,8
2026-03-30,OEHAw6zuZ_Q,【30分で解説】BGPってなに？【BGPがわかるとインターネットがわかる】,"Mar 21, 2022",1969,15
2026-03-31,OEHAw6zuZ_Q,【30分で解説】BGPってなに？【BGPがわかるとインターネットがわかる】,"Mar 21, 2022",1969,15
2026-04-01,OEHAw6zuZ_Q,【30分で解説】BGPってなに？【BGPがわかるとインターネットがわかる】,"Mar 21, 2022",1969,18
2026-04-02,OEHAw6zuZ_Q,【30分で解説】BGPってなに？【BGPがわかるとインターネットがわかる】,"Mar 21, 2022",1969,18
2026-04-03,OEHAw6zuZ_Q,【30分で解説】BGPってなに？【BGPがわかるとインターネットがわかる】,"Mar 21, 2022",1969,8
2026-04-04,OEHAw6zuZ_Q,【30分で解説】BGPってなに？【BGPがわかるとインターネットがわかる】,"Mar 21, 2022",1969,15
2026-04-05,OEHAw6zuZ_Q,【30分で解説】BGPってなに？【BGPがわかるとインターネットがわかる】,"Mar 21, 2022",1969,11
2026-04-06,OEHAw6zuZ_Q,【30分で解説】BGPってなに？【BGPがわかるとインターネットがわかる】,"Mar 21, 2022",1969,29
2026-04-07,OEHAw6zuZ_Q,【30分で解説】BGPってなに？【BGPがわかるとインターネットがわかる】,"Mar 21, 2022",1969,10
2026-04-08,OEHAw6zuZ_Q,【30分で解説】BGPってなに？【BGPがわかるとインターネットがわかる】,"Mar 21, 2022",1969,12
2026-04-09,OEHAw6zuZ_Q,【30分で解説】BGPってなに？【BGPがわかるとインターネットがわかる】,"Mar 21, 2022",1969,12
2026-04-10,OEHAw6zuZ_Q,【30分で解説】BGPってなに？【BGPがわかるとインターネットがわかる】,"Mar 21, 2022",1969,11
2026-04-11,OEHAw6zuZ_Q,【30分で解説】BGPってなに？【BGPがわかるとインターネットがわかる】,"Mar 21, 2022",1969,7
2026-04-12,OEHAw6zuZ_Q,【30分で解説】BGPってなに？【BGPがわかるとインターネットがわかる】,"Mar 21, 2022",1969,11
2026-04-13,OEHAw6zuZ_Q,【30分で解説】BGPってなに？【BGPがわかるとインターネットがわかる】,"Mar 21, 2022",1969,10
2026-04-14,OEHAw6zuZ_Q,【30分で解説】BGPってなに？【BGPがわかるとインターネットがわかる】,"Mar 21, 2022",1969,15
2026-04-15,OEHAw6zuZ_Q,【30分で解説】BGPってなに？【BGPがわかるとインターネットがわかる】,"Mar 21, 2022",1969,17
2026-04-16,OEHAw6zuZ_Q,【30分で解説】BGPってなに？【BGPがわかるとインターネットがわかる】,"Mar 21, 2022",1969,20
2026-04-17,OEHAw6zuZ_Q,【30分で解説】BGPってなに？【BGPがわかるとインターネットがわかる】,"Mar 21, 2022",1969,9
2026-04-18,OEHAw6zuZ_Q,【30分で解説】BGPってなに？【BGPがわかるとインターネットがわかる】,"Mar 21, 2022",1969,14
2026-04-19,OEHAw6zuZ_Q,【30分で解説】BGPってなに？【BGPがわかるとインターネットがわかる】,"Mar 21, 2022",1969,16
2026-04-20,OEHAw6zuZ_Q,【30分で解説】BGPってなに？【BGPがわかるとインターネットがわかる】,"Mar 21, 2022",1969,16
2026-04-21,OEHAw6zuZ_Q,【30分で解説】BGPってなに？【BGPがわかるとインターネットがわかる】,"Mar 21, 2022",1969,13
2026-04-22,OEHAw6zuZ_Q,【30分で解説】BGPってなに？【BGPがわかるとインターネットがわかる】,"Mar 21, 2022",1969,7
2026-04-23,OEHAw6zuZ_Q,【30分で解説】BGPってなに？【BGPがわかるとインターネットがわかる】,"Mar 21, 2022",1969,14
2026-04-24,OEHAw6zuZ_Q,【30分で解説】BGPってなに？【BGPがわかるとインターネットがわかる】,"Mar 21, 2022",1969,13
2026-04-25,OEHAw6zuZ_Q,【30分で解説】BGPってなに？【BGPがわかるとインターネットがわかる】,"Mar 21, 2022",1969,10
2026-04-26,OEHAw6zuZ_Q,【30分で解説】BGPってなに？【BGPがわかるとインターネットがわかる】,"Mar 21, 2022",1969,14
2026-04-27,OEHAw6zuZ_Q,【30分で解説】BGPってなに？【BGPがわかるとインターネットがわかる】,"Mar 21, 2022",1969,15
2026-04-28,OEHAw6zuZ_Q,【30分で解説】BGPってなに？【BGPがわかるとインターネットがわかる】,"Mar 21, 2022",1969,13
2026-04-29,OEHAw6zuZ_Q,【30分で解説】BGPってなに？【BGPがわかるとインターネットがわかる】,"Mar 21, 2022",1969,16
2026-04-30,OEHAw6zuZ_Q,【30分で解説】BGPってなに？【BGPがわかるとインターネットがわかる】,"Mar 21, 2022",1969,20
2026-05-01,OEHAw6zuZ_Q,【30分で解説】BGPってなに？【BGPがわかるとインターネットがわかる】,"Mar 21, 2022",1969,7
2026-05-02,OEHAw6zuZ_Q,【30分で解説】BGPってなに？【BGPがわかるとインターネットがわかる】,"Mar 21, 2022",1969,7
2026-05-03,OEHAw6zuZ_Q,【30分で解説】BGPってなに？【BGPがわかるとインターネットがわかる】,"Mar 21, 2022",1969,5
2026-05-04,OEHAw6zuZ_Q,【30分で解説】BGPってなに？【BGPがわかるとインターネットがわかる】,"Mar 21, 2022",1969,13
2026-05-05,OEHAw6zuZ_Q,【30分で解説】BGPってなに？【BGPがわかるとインターネットがわかる】,"Mar 21, 2022",1969,8
2026-05-06,OEHAw6zuZ_Q,【30分で解説】BGPってなに？【BGPがわかるとインターネットがわかる】,"Mar 21, 2022",1969,9
2026-05-07,OEHAw6zuZ_Q,【30分で解説】BGPってなに？【BGPがわかるとインターネットがわかる】,"Mar 21, 2022",1969,12
2026-05-08,OEHAw6zuZ_Q,【30分で解説】BGPってなに？【BGPがわかるとインターネットがわかる】,"Mar 21, 2022",1969,7
2026-05-09,OEHAw6zuZ_Q,【30分で解説】BGPってなに？【BGPがわかるとインターネットがわかる】,"Mar 21, 2022",1969,13
2026-05-10,OEHAw6zuZ_Q,【30分で解説】BGPってなに？【BGPがわかるとインターネットがわかる】,"Mar 21, 2022",1969,8
2026-05-11,OEHAw6zuZ_Q,【30分で解説】BGPってなに？【BGPがわかるとインターネットがわかる】,"Mar 21, 2022",1969,5
2026-05-12,OEHAw6zuZ_Q,【30分で解説】BGPってなに？【BGPがわかるとインターネットがわかる】,"Mar 21, 2022",1969,15
2026-05-13,OEHAw6zuZ_Q,【30分で解説】BGPってなに？【BGPがわかるとインターネットがわかる】,"Mar 21, 2022",1969,14
2026-05-14,OEHAw6zuZ_Q,【30分で解説】BGPってなに？【BGPがわかるとインターネットがわかる】,"Mar 21, 2022",1969,22
2026-05-15,OEHAw6zuZ_Q,【30分で解説】BGPってなに？【BGPがわかるとインターネットがわかる】,"Mar 21, 2022",1969,7
2026-05-16,OEHAw6zuZ_Q,【30分で解説】BGPってなに？【BGPがわかるとインターネットがわかる】,"Mar 21, 2022",1969,16
2026-05-17,OEHAw6zuZ_Q,【30分で解説】BGPってなに？【BGPがわかるとインターネットがわかる】,"Mar 21, 2022",1969,13
2026-05-18,OEHAw6zuZ_Q,【30分で解説】BGPってなに？【BGPがわかるとインターネットがわかる】,"Mar 21, 2022",1969,12
2026-05-19,OEHAw6zuZ_Q,【30分で解説】BGPってなに？【BGPがわかるとインターネットがわかる】,"Mar 21, 2022",1969,14
2026-05-20,OEHAw6zuZ_Q,【30分で解説】BGPってなに？【BGPがわかるとインターネットがわかる】,"Mar 21, 2022",1969,13
2026-05-21,OEHAw6zuZ_Q,【30分で解説】BGPってなに？【BGPがわかるとインターネットがわかる】,"Mar 21, 2022",1969,32
2026-05-22,OEHAw6zuZ_Q,【30分で解説】BGPってなに？【BGPがわかるとインターネットがわかる】,"Mar 21, 2022",1969,8
2026-05-23,OEHAw6zuZ_Q,【30分で解説】BGPってなに？【BGPがわかるとインターネットがわかる】,"Mar 21, 2022",1969,11
2026-05-24,OEHAw6zuZ_Q,【30分で解説】BGPってなに？【BGPがわかるとインターネットがわかる】,"Mar 21, 2022",1969,9
2026-05-25,OEHAw6zuZ_Q,【30分で解説】BGPってなに？【BGPがわかるとインターネットがわかる】,"Mar 21, 2022",1969,7
2026-05-26,OEHAw6zuZ_Q,【30分で解説】BGPってなに？【BGPがわかるとインターネットがわかる】,"Mar 21, 2022",1969,10
2026-05-27,OEHAw6zuZ_Q,【30分で解説】BGPってなに？【BGPがわかるとインターネットがわかる】,"Mar 21, 2022",1969,12
2026-05-28,OEHAw6zuZ_Q,【30分で解説】BGPってなに？【BGPがわかるとインターネットがわかる】,"Mar 21, 2022",1969,22
2026-05-29,OEHAw6zuZ_Q,【30分で解説】BGPってなに？【BGPがわかるとインターネットがわかる】,"Mar 21, 2022",1969,10
2026-05-30,OEHAw6zuZ_Q,【30分で解説】BGPってなに？【BGPがわかるとインターネットがわかる】,"Mar 21, 2022",1969,14
2026-05-31,OEHAw6zuZ_Q,【30分で解説】BGPってなに？【BGPがわかるとインターネットがわかる】,"Mar 21, 2022",1969,20
2026-06-01,OEHAw6zuZ_Q,【30分で解説】BGPってなに？【BGPがわかるとインターネットがわかる】,"Mar 21, 2022",1969,18
2026-06-02,OEHAw6zuZ_Q,【30分で解説】BGPってなに？【BGPがわかるとインターネットがわかる】,"Mar 21, 2022",1969,13
2026-06-03,OEHAw6zuZ_Q,【30分で解説】BGPってなに？【BGPがわかるとインターネットがわかる】,"Mar 21, 2022",1969,15
2026-06-04,OEHAw6zuZ_Q,【30分で解説】BGPってなに？【BGPがわかるとインターネットがわかる】,"Mar 21, 2022",1969,20
2026-06-05,OEHAw6zuZ_Q,【30分で解説】BGPってなに？【BGPがわかるとインターネットがわかる】,"Mar 21, 2022",1969,8
2026-06-06,OEHAw6zuZ_Q,【30分で解説】BGPってなに？【BGPがわかるとインターネットがわかる】,"Mar 21, 2022",1969,12
2026-06-07,OEHAw6zuZ_Q,【30分で解説】BGPってなに？【BGPがわかるとインターネットがわかる】,"Mar 21, 2022",1969,15
2026-06-08,OEHAw6zuZ_Q,【30分で解説】BGPってなに？【BGPがわかるとインターネットがわかる】,"Mar 21, 2022",1969,11
2026-06-09,OEHAw6zuZ_Q,【30分で解説】BGPってなに？【BGPがわかるとインターネットがわかる】,"Mar 21, 2022",1969,28
2026-06-10,OEHAw6zuZ_Q,【30分で解説】BGPってなに？【BGPがわかるとインターネットがわかる】,"Mar 21, 2022",1969,18
2026-06-11,OEHAw6zuZ_Q,【30分で解説】BGPってなに？【BGPがわかるとインターネットがわかる】,"Mar 21, 2022",1969,19
2026-06-12,OEHAw6zuZ_Q,【30分で解説】BGPってなに？【BGPがわかるとインターネットがわかる】,"Mar 21, 2022",1969,9
2026-06-13,OEHAw6zuZ_Q,【30分で解説】BGPってなに？【BGPがわかるとインターネットがわかる】,"Mar 21, 2022",1969,19
2026-06-14,OEHAw6zuZ_Q,【30分で解説】BGPってなに？【BGPがわかるとインターネットがわかる】,"Mar 21, 2022",1969,20
2026-06-15,OEHAw6zuZ_Q,【30分で解説】BGPってなに？【BGPがわかるとインターネットがわかる】,"Mar 21, 2022",1969,14
2026-06-16,OEHAw6zuZ_Q,【30分で解説】BGPってなに？【BGPがわかるとインターネットがわかる】,"Mar 21, 2022",1969,38
2026-06-17,OEHAw6zuZ_Q,【30分で解説】BGPってなに？【BGPがわかるとインターネットがわかる】,"Mar 21, 2022",1969,19
2026-06-18,OEHAw6zuZ_Q,【30分で解説】BGPってなに？【BGPがわかるとインターネットがわかる】,"Mar 21, 2022",1969,16
2026-06-19,OEHAw6zuZ_Q,【30分で解説】BGPってなに？【BGPがわかるとインターネットがわかる】,"Mar 21, 2022",1969,17
2026-06-20,OEHAw6zuZ_Q,【30分で解説】BGPってなに？【BGPがわかるとインターネットがわかる】,"Mar 21, 2022",1969,18
2026-06-21,OEHAw6zuZ_Q,【30分で解説】BGPってなに？【BGPがわかるとインターネットがわかる】,"Mar 21, 2022",1969,34
2026-06-22,OEHAw6zuZ_Q,【30分で解説】BGPってなに？【BGPがわかるとインターネットがわかる】,"Mar 21, 2022",1969,52
2026-06-23,OEHAw6zuZ_Q,【30分で解説】BGPってなに？【BGPがわかるとインターネットがわかる】,"Mar 21, 2022",1969,50
2026-06-24,OEHAw6zuZ_Q,【30分で解説】BGPってなに？【BGPがわかるとインターネットがわかる】,"Mar 21, 2022",1969,12
2026-06-25,OEHAw6zuZ_Q,【30分で解説】BGPってなに？【BGPがわかるとインターネットがわかる】,"Mar 21, 2022",1969,7
2026-06-26,OEHAw6zuZ_Q,【30分で解説】BGPってなに？【BGPがわかるとインターネットがわかる】,"Mar 21, 2022",1969,13
2026-06-27,OEHAw6zuZ_Q,【30分で解説】BGPってなに？【BGPがわかるとインターネットがわかる】,"Mar 21, 2022",1969,14
2026-06-28,OEHAw6zuZ_Q,【30分で解説】BGPってなに？【BGPがわかるとインターネットがわかる】,"Mar 21, 2022",1969,19
2026-06-29,OEHAw6zuZ_Q,【30分で解説】BGPってなに？【BGPがわかるとインターネットがわかる】,"Mar 21, 2022",1969,16
2026-06-30,OEHAw6zuZ_Q,【30分で解説】BGPってなに？【BGPがわかるとインターネットがわかる】,"Mar 21, 2022",1969,26
2026-07-01,OEHAw6zuZ_Q,【30分で解説】BGPってなに？【BGPがわかるとインターネットがわかる】,"Mar 21, 2022",1969,22
2026-07-02,OEHAw6zuZ_Q,【30分で解説】BGPってなに？【BGPがわかるとインターネットがわかる】,"Mar 21, 2022",1969,28
2026-07-03,OEHAw6zuZ_Q,【30分で解説】BGPってなに？【BGPがわかるとインターネットがわかる】,"Mar 21, 2022",1969,11
2026-07-04,OEHAw6zuZ_Q,【30分で解説】BGPってなに？【BGPがわかるとインターネットがわかる】,"Mar 21, 2022",1969,18
2026-07-05,OEHAw6zuZ_Q,【30分で解説】BGPってなに？【BGPがわかるとインターネットがわかる】,"Mar 21, 2022",1969,18
2026-07-06,OEHAw6zuZ_Q,【30分で解説】BGPってなに？【BGPがわかるとインターネットがわかる】,"Mar 21, 2022",1969,18
2026-07-07,OEHAw6zuZ_Q,【30分で解説】BGPってなに？【BGPがわかるとインターネットがわかる】,"Mar 21, 2022",1969,14
2026-07-08,OEHAw6zuZ_Q,【30分で解説】BGPってなに？【BGPがわかるとインターネットがわかる】,"Mar 21, 2022",1969,18
2026-07-09,OEHAw6zuZ_Q,【30分で解説】BGPってなに？【BGPがわかるとインターネットがわかる】,"Mar 21, 2022",1969,29
2026-07-10,OEHAw6zuZ_Q,【30分で解説】BGPってなに？【BGPがわかるとインターネットがわかる】,"Mar 21, 2022",1969,25
2026-07-11,OEHAw6zuZ_Q,【30分で解説】BGPってなに？【BGPがわかるとインターネットがわかる】,"Mar 21, 2022",1969,22
2026-07-12,OEHAw6zuZ_Q,【30分で解説】BGPってなに？【BGPがわかるとインターネットがわかる】,"Mar 21, 2022",1969,22
2026-07-13,OEHAw6zuZ_Q,【30分で解説】BGPってなに？【BGPがわかるとインターネットがわかる】,"Mar 21, 2022",1969,19
2026-07-14,OEHAw6zuZ_Q,【30分で解説】BGPってなに？【BGPがわかるとインターネットがわかる】,"Mar 21, 2022",1969,25
2026-07-15,OEHAw6zuZ_Q,【30分で解説】BGPってなに？【BGPがわかるとインターネットがわかる】,"Mar 21, 2022",1969,16
2026-07-16,OEHAw6zuZ_Q,【30分で解説】BGPってなに？【BGPがわかるとインターネットがわかる】,"Mar 21, 2022",1969,23
2026-07-17,OEHAw6zuZ_Q,【30分で解説】BGPってなに？【BGPがわかるとインターネットがわかる】,"Mar 21, 2022",1969,25
2026-07-18,OEHAw6zuZ_Q,【30分で解説】BGPってなに？【BGPがわかるとインターネットがわかる】,"Mar 21, 2022",1969,7
2026-07-19,OEHAw6zuZ_Q,【30分で解説】BGPってなに？【BGPがわかるとインターネットがわかる】,"Mar 21, 2022",1969,19
2026-07-20,OEHAw6zuZ_Q,【30分で解説】BGPってなに？【BGPがわかるとインターネットがわかる】,"Mar 21, 2022",1969,21
2026-07-21,OEHAw6zuZ_Q,【30分で解説】BGPってなに？【BGPがわかるとインターネットがわかる】,"Mar 21, 2022",1969,7
2026-07-22,OEHAw6zuZ_Q,【30分で解説】BGPってなに？【BGPがわかるとインターネットがわかる】,"Mar 21, 2022",1969,14
2026-02-23,Q6GhUMQpKM8,総額10万円超!! 自宅ネットワークをフル10Gbps化すると実測スピードはどれだけ出るのか!?,"Feb 16, 2026",2707,188
2026-02-24,Q6GhUMQpKM8,総額10万円超!! 自宅ネットワークをフル10Gbps化すると実測スピードはどれだけ出るのか!?,"Feb 16, 2026",2707,131
2026-02-25,Q6GhUMQpKM8,総額10万円超!! 自宅ネットワークをフル10Gbps化すると実測スピードはどれだけ出るのか!?,"Feb 16, 2026",2707,101
2026-02-26,Q6GhUMQpKM8,総額10万円超!! 自宅ネットワークをフル10Gbps化すると実測スピードはどれだけ出るのか!?,"Feb 16, 2026",2707,35
2026-02-27,Q6GhUMQpKM8,総額10万円超!! 自宅ネットワークをフル10Gbps化すると実測スピードはどれだけ出るのか!?,"Feb 16, 2026",2707,34
2026-02-28,Q6GhUMQpKM8,総額10万円超!! 自宅ネットワークをフル10Gbps化すると実測スピードはどれだけ出るのか!?,"Feb 16, 2026",2707,25
2026-03-01,Q6GhUMQpKM8,総額10万円超!! 自宅ネットワークをフル10Gbps化すると実測スピードはどれだけ出るのか!?,"Feb 16, 2026",2707,43
2026-03-02,Q6GhUMQpKM8,総額10万円超!! 自宅ネットワークをフル10Gbps化すると実測スピードはどれだけ出るのか!?,"Feb 16, 2026",2707,38
2026-03-03,Q6GhUMQpKM8,総額10万円超!! 自宅ネットワークをフル10Gbps化すると実測スピードはどれだけ出るのか!?,"Feb 16, 2026",2707,26
2026-03-04,Q6GhUMQpKM8,総額10万円超!! 自宅ネットワークをフル10Gbps化すると実測スピードはどれだけ出るのか!?,"Feb 16, 2026",2707,13
2026-03-05,Q6GhUMQpKM8,総額10万円超!! 自宅ネットワークをフル10Gbps化すると実測スピードはどれだけ出るのか!?,"Feb 16, 2026",2707,8
2026-03-06,Q6GhUMQpKM8,総額10万円超!! 自宅ネットワークをフル10Gbps化すると実測スピードはどれだけ出るのか!?,"Feb 16, 2026",2707,16
2026-03-07,Q6GhUMQpKM8,総額10万円超!! 自宅ネットワークをフル10Gbps化すると実測スピードはどれだけ出るのか!?,"Feb 16, 2026",2707,20
2026-03-08,Q6GhUMQpKM8,総額10万円超!! 自宅ネットワークをフル10Gbps化すると実測スピードはどれだけ出るのか!?,"Feb 16, 2026",2707,14
2026-03-09,Q6GhUMQpKM8,総額10万円超!! 自宅ネットワークをフル10Gbps化すると実測スピードはどれだけ出るのか!?,"Feb 16, 2026",2707,18
2026-03-10,Q6GhUMQpKM8,総額10万円超!! 自宅ネットワークをフル10Gbps化すると実測スピードはどれだけ出るのか!?,"Feb 16, 2026",2707,22
2026-03-11,Q6GhUMQpKM8,総額10万円超!! 自宅ネットワークをフル10Gbps化すると実測スピードはどれだけ出るのか!?,"Feb 16, 2026",2707,21
2026-03-12,Q6GhUMQpKM8,総額10万円超!! 自宅ネットワークをフル10Gbps化すると実測スピードはどれだけ出るのか!?,"Feb 16, 2026",2707,13
2026-03-13,Q6GhUMQpKM8,総額10万円超!! 自宅ネットワークをフル10Gbps化すると実測スピードはどれだけ出るのか!?,"Feb 16, 2026",2707,12
2026-03-14,Q6GhUMQpKM8,総額10万円超!! 自宅ネットワークをフル10Gbps化すると実測スピードはどれだけ出るのか!?,"Feb 16, 2026",2707,14
2026-03-15,Q6GhUMQpKM8,総額10万円超!! 自宅ネットワークをフル10Gbps化すると実測スピードはどれだけ出るのか!?,"Feb 16, 2026",2707,15
2026-03-16,Q6GhUMQpKM8,総額10万円超!! 自宅ネットワークをフル10Gbps化すると実測スピードはどれだけ出るのか!?,"Feb 16, 2026",2707,11
2026-03-17,Q6GhUMQpKM8,総額10万円超!! 自宅ネットワークをフル10Gbps化すると実測スピードはどれだけ出るのか!?,"Feb 16, 2026",2707,13
2026-03-18,Q6GhUMQpKM8,総額10万円超!! 自宅ネットワークをフル10Gbps化すると実測スピードはどれだけ出るのか!?,"Feb 16, 2026",2707,8
2026-03-19,Q6GhUMQpKM8,総額10万円超!! 自宅ネットワークをフル10Gbps化すると実測スピードはどれだけ出るのか!?,"Feb 16, 2026",2707,25
2026-03-20,Q6GhUMQpKM8,総額10万円超!! 自宅ネットワークをフル10Gbps化すると実測スピードはどれだけ出るのか!?,"Feb 16, 2026",2707,7
2026-03-21,Q6GhUMQpKM8,総額10万円超!! 自宅ネットワークをフル10Gbps化すると実測スピードはどれだけ出るのか!?,"Feb 16, 2026",2707,8
2026-03-22,Q6GhUMQpKM8,総額10万円超!! 自宅ネットワークをフル10Gbps化すると実測スピードはどれだけ出るのか!?,"Feb 16, 2026",2707,5
2026-03-23,Q6GhUMQpKM8,総額10万円超!! 自宅ネットワークをフル10Gbps化すると実測スピードはどれだけ出るのか!?,"Feb 16, 2026",2707,16
2026-03-24,Q6GhUMQpKM8,総額10万円超!! 自宅ネットワークをフル10Gbps化すると実測スピードはどれだけ出るのか!?,"Feb 16, 2026",2707,6
2026-03-25,Q6GhUMQpKM8,総額10万円超!! 自宅ネットワークをフル10Gbps化すると実測スピードはどれだけ出るのか!?,"Feb 16, 2026",2707,10
2026-03-26,Q6GhUMQpKM8,総額10万円超!! 自宅ネットワークをフル10Gbps化すると実測スピードはどれだけ出るのか!?,"Feb 16, 2026",2707,18
2026-03-27,Q6GhUMQpKM8,総額10万円超!! 自宅ネットワークをフル10Gbps化すると実測スピードはどれだけ出るのか!?,"Feb 16, 2026",2707,6
2026-03-28,Q6GhUMQpKM8,総額10万円超!! 自宅ネットワークをフル10Gbps化すると実測スピードはどれだけ出るのか!?,"Feb 16, 2026",2707,15
2026-03-29,Q6GhUMQpKM8,総額10万円超!! 自宅ネットワークをフル10Gbps化すると実測スピードはどれだけ出るのか!?,"Feb 16, 2026",2707,6
2026-03-30,Q6GhUMQpKM8,総額10万円超!! 自宅ネットワークをフル10Gbps化すると実測スピードはどれだけ出るのか!?,"Feb 16, 2026",2707,13
2026-03-31,Q6GhUMQpKM8,総額10万円超!! 自宅ネットワークをフル10Gbps化すると実測スピードはどれだけ出るのか!?,"Feb 16, 2026",2707,10
2026-04-01,Q6GhUMQpKM8,総額10万円超!! 自宅ネットワークをフル10Gbps化すると実測スピードはどれだけ出るのか!?,"Feb 16, 2026",2707,5
2026-04-02,Q6GhUMQpKM8,総額10万円超!! 自宅ネットワークをフル10Gbps化すると実測スピードはどれだけ出るのか!?,"Feb 16, 2026",2707,9
2026-04-03,Q6GhUMQpKM8,総額10万円超!! 自宅ネットワークをフル10Gbps化すると実測スピードはどれだけ出るのか!?,"Feb 16, 2026",2707,11
2026-04-04,Q6GhUMQpKM8,総額10万円超!! 自宅ネットワークをフル10Gbps化すると実測スピードはどれだけ出るのか!?,"Feb 16, 2026",2707,17
2026-04-05,Q6GhUMQpKM8,総額10万円超!! 自宅ネットワークをフル10Gbps化すると実測スピードはどれだけ出るのか!?,"Feb 16, 2026",2707,14
2026-04-06,Q6GhUMQpKM8,総額10万円超!! 自宅ネットワークをフル10Gbps化すると実測スピードはどれだけ出るのか!?,"Feb 16, 2026",2707,14
2026-04-07,Q6GhUMQpKM8,総額10万円超!! 自宅ネットワークをフル10Gbps化すると実測スピードはどれだけ出るのか!?,"Feb 16, 2026",2707,5
2026-04-08,Q6GhUMQpKM8,総額10万円超!! 自宅ネットワークをフル10Gbps化すると実測スピードはどれだけ出るのか!?,"Feb 16, 2026",2707,4
2026-04-09,Q6GhUMQpKM8,総額10万円超!! 自宅ネットワークをフル10Gbps化すると実測スピードはどれだけ出るのか!?,"Feb 16, 2026",2707,8
2026-04-10,Q6GhUMQpKM8,総額10万円超!! 自宅ネットワークをフル10Gbps化すると実測スピードはどれだけ出るのか!?,"Feb 16, 2026",2707,5
2026-04-11,Q6GhUMQpKM8,総額10万円超!! 自宅ネットワークをフル10Gbps化すると実測スピードはどれだけ出るのか!?,"Feb 16, 2026",2707,6
2026-04-12,Q6GhUMQpKM8,総額10万円超!! 自宅ネットワークをフル10Gbps化すると実測スピードはどれだけ出るのか!?,"Feb 16, 2026",2707,4
2026-04-13,Q6GhUMQpKM8,総額10万円超!! 自宅ネットワークをフル10Gbps化すると実測スピードはどれだけ出るのか!?,"Feb 16, 2026",2707,8
2026-04-14,Q6GhUMQpKM8,総額10万円超!! 自宅ネットワークをフル10Gbps化すると実測スピードはどれだけ出るのか!?,"Feb 16, 2026",2707,19
2026-04-15,Q6GhUMQpKM8,総額10万円超!! 自宅ネットワークをフル10Gbps化すると実測スピードはどれだけ出るのか!?,"Feb 16, 2026",2707,10
2026-04-16,Q6GhUMQpKM8,総額10万円超!! 自宅ネットワークをフル10Gbps化すると実測スピードはどれだけ出るのか!?,"Feb 16, 2026",2707,6
2026-04-17,Q6GhUMQpKM8,総額10万円超!! 自宅ネットワークをフル10Gbps化すると実測スピードはどれだけ出るのか!?,"Feb 16, 2026",2707,9
2026-04-18,Q6GhUMQpKM8,総額10万円超!! 自宅ネットワークをフル10Gbps化すると実測スピードはどれだけ出るのか!?,"Feb 16, 2026",2707,6
2026-04-19,Q6GhUMQpKM8,総額10万円超!! 自宅ネットワークをフル10Gbps化すると実測スピードはどれだけ出るのか!?,"Feb 16, 2026",2707,10
2026-04-20,Q6GhUMQpKM8,総額10万円超!! 自宅ネットワークをフル10Gbps化すると実測スピードはどれだけ出るのか!?,"Feb 16, 2026",2707,4
2026-04-21,Q6GhUMQpKM8,総額10万円超!! 自宅ネットワークをフル10Gbps化すると実測スピードはどれだけ出るのか!?,"Feb 16, 2026",2707,7
2026-04-22,Q6GhUMQpKM8,総額10万円超!! 自宅ネットワークをフル10Gbps化すると実測スピードはどれだけ出るのか!?,"Feb 16, 2026",2707,5
2026-04-23,Q6GhUMQpKM8,総額10万円超!! 自宅ネットワークをフル10Gbps化すると実測スピードはどれだけ出るのか!?,"Feb 16, 2026",2707,7
2026-04-24,Q6GhUMQpKM8,総額10万円超!! 自宅ネットワークをフル10Gbps化すると実測スピードはどれだけ出るのか!?,"Feb 16, 2026",2707,12
2026-04-25,Q6GhUMQpKM8,総額10万円超!! 自宅ネットワークをフル10Gbps化すると実測スピードはどれだけ出るのか!?,"Feb 16, 2026",2707,8
2026-04-26,Q6GhUMQpKM8,総額10万円超!! 自宅ネットワークをフル10Gbps化すると実測スピードはどれだけ出るのか!?,"Feb 16, 2026",2707,2
2026-04-27,Q6GhUMQpKM8,総額10万円超!! 自宅ネットワークをフル10Gbps化すると実測スピードはどれだけ出るのか!?,"Feb 16, 2026",2707,18
2026-04-28,Q6GhUMQpKM8,総額10万円超!! 自宅ネットワークをフル10Gbps化すると実測スピードはどれだけ出るのか!?,"Feb 16, 2026",2707,9
2026-04-29,Q6GhUMQpKM8,総額10万円超!! 自宅ネットワークをフル10Gbps化すると実測スピードはどれだけ出るのか!?,"Feb 16, 2026",2707,12
2026-04-30,Q6GhUMQpKM8,総額10万円超!! 自宅ネットワークをフル10Gbps化すると実測スピードはどれだけ出るのか!?,"Feb 16, 2026",2707,6
2026-05-01,Q6GhUMQpKM8,総額10万円超!! 自宅ネットワークをフル10Gbps化すると実測スピードはどれだけ出るのか!?,"Feb 16, 2026",2707,11
2026-05-02,Q6GhUMQpKM8,総額10万円超!! 自宅ネットワークをフル10Gbps化すると実測スピードはどれだけ出るのか!?,"Feb 16, 2026",2707,6
2026-05-03,Q6GhUMQpKM8,総額10万円超!! 自宅ネットワークをフル10Gbps化すると実測スピードはどれだけ出るのか!?,"Feb 16, 2026",2707,17
2026-05-04,Q6GhUMQpKM8,総額10万円超!! 自宅ネットワークをフル10Gbps化すると実測スピードはどれだけ出るのか!?,"Feb 16, 2026",2707,16
2026-05-05,Q6GhUMQpKM8,総額10万円超!! 自宅ネットワークをフル10Gbps化すると実測スピードはどれだけ出るのか!?,"Feb 16, 2026",2707,12
2026-05-06,Q6GhUMQpKM8,総額10万円超!! 自宅ネットワークをフル10Gbps化すると実測スピードはどれだけ出るのか!?,"Feb 16, 2026",2707,15
2026-05-07,Q6GhUMQpKM8,総額10万円超!! 自宅ネットワークをフル10Gbps化すると実測スピードはどれだけ出るのか!?,"Feb 16, 2026",2707,12
2026-05-08,Q6GhUMQpKM8,総額10万円超!! 自宅ネットワークをフル10Gbps化すると実測スピードはどれだけ出るのか!?,"Feb 16, 2026",2707,10
2026-05-09,Q6GhUMQpKM8,総額10万円超!! 自宅ネットワークをフル10Gbps化すると実測スピードはどれだけ出るのか!?,"Feb 16, 2026",2707,17
2026-05-10,Q6GhUMQpKM8,総額10万円超!! 自宅ネットワークをフル10Gbps化すると実測スピードはどれだけ出るのか!?,"Feb 16, 2026",2707,8
2026-05-11,Q6GhUMQpKM8,総額10万円超!! 自宅ネットワークをフル10Gbps化すると実測スピードはどれだけ出るのか!?,"Feb 16, 2026",2707,23
2026-05-12,Q6GhUMQpKM8,総額10万円超!! 自宅ネットワークをフル10Gbps化すると実測スピードはどれだけ出るのか!?,"Feb 16, 2026",2707,13
2026-05-13,Q6GhUMQpKM8,総額10万円超!! 自宅ネットワークをフル10Gbps化すると実測スピードはどれだけ出るのか!?,"Feb 16, 2026",2707,10
2026-05-14,Q6GhUMQpKM8,総額10万円超!! 自宅ネットワークをフル10Gbps化すると実測スピードはどれだけ出るのか!?,"Feb 16, 2026",2707,19
2026-05-15,Q6GhUMQpKM8,総額10万円超!! 自宅ネットワークをフル10Gbps化すると実測スピードはどれだけ出るのか!?,"Feb 16, 2026",2707,23
2026-05-16,Q6GhUMQpKM8,総額10万円超!! 自宅ネットワークをフル10Gbps化すると実測スピードはどれだけ出るのか!?,"Feb 16, 2026",2707,18
2026-05-17,Q6GhUMQpKM8,総額10万円超!! 自宅ネットワークをフル10Gbps化すると実測スピードはどれだけ出るのか!?,"Feb 16, 2026",2707,15
2026-05-18,Q6GhUMQpKM8,総額10万円超!! 自宅ネットワークをフル10Gbps化すると実測スピードはどれだけ出るのか!?,"Feb 16, 2026",2707,18
2026-05-19,Q6GhUMQpKM8,総額10万円超!! 自宅ネットワークをフル10Gbps化すると実測スピードはどれだけ出るのか!?,"Feb 16, 2026",2707,8
2026-05-20,Q6GhUMQpKM8,総額10万円超!! 自宅ネットワークをフル10Gbps化すると実測スピードはどれだけ出るのか!?,"Feb 16, 2026",2707,10
2026-05-21,Q6GhUMQpKM8,総額10万円超!! 自宅ネットワークをフル10Gbps化すると実測スピードはどれだけ出るのか!?,"Feb 16, 2026",2707,10
2026-05-22,Q6GhUMQpKM8,総額10万円超!! 自宅ネットワークをフル10Gbps化すると実測スピードはどれだけ出るのか!?,"Feb 16, 2026",2707,23
2026-05-23,Q6GhUMQpKM8,総額10万円超!! 自宅ネットワークをフル10Gbps化すると実測スピードはどれだけ出るのか!?,"Feb 16, 2026",2707,13
2026-05-24,Q6GhUMQpKM8,総額10万円超!! 自宅ネットワークをフル10Gbps化すると実測スピードはどれだけ出るのか!?,"Feb 16, 2026",2707,19
2026-05-25,Q6GhUMQpKM8,総額10万円超!! 自宅ネットワークをフル10Gbps化すると実測スピードはどれだけ出るのか!?,"Feb 16, 2026",2707,17
2026-05-26,Q6GhUMQpKM8,総額10万円超!! 自宅ネットワークをフル10Gbps化すると実測スピードはどれだけ出るのか!?,"Feb 16, 2026",2707,26
2026-05-27,Q6GhUMQpKM8,総額10万円超!! 自宅ネットワークをフル10Gbps化すると実測スピードはどれだけ出るのか!?,"Feb 16, 2026",2707,18
2026-05-28,Q6GhUMQpKM8,総額10万円超!! 自宅ネットワークをフル10Gbps化すると実測スピードはどれだけ出るのか!?,"Feb 16, 2026",2707,16
2026-05-29,Q6GhUMQpKM8,総額10万円超!! 自宅ネットワークをフル10Gbps化すると実測スピードはどれだけ出るのか!?,"Feb 16, 2026",2707,12
2026-05-30,Q6GhUMQpKM8,総額10万円超!! 自宅ネットワークをフル10Gbps化すると実測スピードはどれだけ出るのか!?,"Feb 16, 2026",2707,16
2026-05-31,Q6GhUMQpKM8,総額10万円超!! 自宅ネットワークをフル10Gbps化すると実測スピードはどれだけ出るのか!?,"Feb 16, 2026",2707,8
2026-06-01,Q6GhUMQpKM8,総額10万円超!! 自宅ネットワークをフル10Gbps化すると実測スピードはどれだけ出るのか!?,"Feb 16, 2026",2707,11
2026-06-02,Q6GhUMQpKM8,総額10万円超!! 自宅ネットワークをフル10Gbps化すると実測スピードはどれだけ出るのか!?,"Feb 16, 2026",2707,15
2026-06-03,Q6GhUMQpKM8,総額10万円超!! 自宅ネットワークをフル10Gbps化すると実測スピードはどれだけ出るのか!?,"Feb 16, 2026",2707,14
2026-06-04,Q6GhUMQpKM8,総額10万円超!! 自宅ネットワークをフル10Gbps化すると実測スピードはどれだけ出るのか!?,"Feb 16, 2026",2707,12
2026-06-05,Q6GhUMQpKM8,総額10万円超!! 自宅ネットワークをフル10Gbps化すると実測スピードはどれだけ出るのか!?,"Feb 16, 2026",2707,6
2026-06-06,Q6GhUMQpKM8,総額10万円超!! 自宅ネットワークをフル10Gbps化すると実測スピードはどれだけ出るのか!?,"Feb 16, 2026",2707,15
2026-06-07,Q6GhUMQpKM8,総額10万円超!! 自宅ネットワークをフル10Gbps化すると実測スピードはどれだけ出るのか!?,"Feb 16, 2026",2707,13
2026-06-08,Q6GhUMQpKM8,総額10万円超!! 自宅ネットワークをフル10Gbps化すると実測スピードはどれだけ出るのか!?,"Feb 16, 2026",2707,13
2026-06-09,Q6GhUMQpKM8,総額10万円超!! 自宅ネットワークをフル10Gbps化すると実測スピードはどれだけ出るのか!?,"Feb 16, 2026",2707,11
2026-06-10,Q6GhUMQpKM8,総額10万円超!! 自宅ネットワークをフル10Gbps化すると実測スピードはどれだけ出るのか!?,"Feb 16, 2026",2707,14
2026-06-11,Q6GhUMQpKM8,総額10万円超!! 自宅ネットワークをフル10Gbps化すると実測スピードはどれだけ出るのか!?,"Feb 16, 2026",2707,20
2026-06-12,Q6GhUMQpKM8,総額10万円超!! 自宅ネットワークをフル10Gbps化すると実測スピードはどれだけ出るのか!?,"Feb 16, 2026",2707,13
2026-06-13,Q6GhUMQpKM8,総額10万円超!! 自宅ネットワークをフル10Gbps化すると実測スピードはどれだけ出るのか!?,"Feb 16, 2026",2707,28
2026-06-14,Q6GhUMQpKM8,総額10万円超!! 自宅ネットワークをフル10Gbps化すると実測スピードはどれだけ出るのか!?,"Feb 16, 2026",2707,12
2026-06-15,Q6GhUMQpKM8,総額10万円超!! 自宅ネットワークをフル10Gbps化すると実測スピードはどれだけ出るのか!?,"Feb 16, 2026",2707,15
2026-06-16,Q6GhUMQpKM8,総額10万円超!! 自宅ネットワークをフル10Gbps化すると実測スピードはどれだけ出るのか!?,"Feb 16, 2026",2707,13
2026-06-17,Q6GhUMQpKM8,総額10万円超!! 自宅ネットワークをフル10Gbps化すると実測スピードはどれだけ出るのか!?,"Feb 16, 2026",2707,14
2026-06-18,Q6GhUMQpKM8,総額10万円超!! 自宅ネットワークをフル10Gbps化すると実測スピードはどれだけ出るのか!?,"Feb 16, 2026",2707,29
2026-06-19,Q6GhUMQpKM8,総額10万円超!! 自宅ネットワークをフル10Gbps化すると実測スピードはどれだけ出るのか!?,"Feb 16, 2026",2707,40
2026-06-20,Q6GhUMQpKM8,総額10万円超!! 自宅ネットワークをフル10Gbps化すると実測スピードはどれだけ出るのか!?,"Feb 16, 2026",2707,25
2026-06-21,Q6GhUMQpKM8,総額10万円超!! 自宅ネットワークをフル10Gbps化すると実測スピードはどれだけ出るのか!?,"Feb 16, 2026",2707,23
2026-06-22,Q6GhUMQpKM8,総額10万円超!! 自宅ネットワークをフル10Gbps化すると実測スピードはどれだけ出るのか!?,"Feb 16, 2026",2707,24
2026-06-23,Q6GhUMQpKM8,総額10万円超!! 自宅ネットワークをフル10Gbps化すると実測スピードはどれだけ出るのか!?,"Feb 16, 2026",2707,30
2026-06-24,Q6GhUMQpKM8,総額10万円超!! 自宅ネットワークをフル10Gbps化すると実測スピードはどれだけ出るのか!?,"Feb 16, 2026",2707,40
2026-06-25,Q6GhUMQpKM8,総額10万円超!! 自宅ネットワークをフル10Gbps化すると実測スピードはどれだけ出るのか!?,"Feb 16, 2026",2707,46
2026-06-26,Q6GhUMQpKM8,総額10万円超!! 自宅ネットワークをフル10Gbps化すると実測スピードはどれだけ出るのか!?,"Feb 16, 2026",2707,47
2026-06-27,Q6GhUMQpKM8,総額10万円超!! 自宅ネットワークをフル10Gbps化すると実測スピードはどれだけ出るのか!?,"Feb 16, 2026",2707,44
2026-06-28,Q6GhUMQpKM8,総額10万円超!! 自宅ネットワークをフル10Gbps化すると実測スピードはどれだけ出るのか!?,"Feb 16, 2026",2707,51
2026-06-29,Q6GhUMQpKM8,総額10万円超!! 自宅ネットワークをフル10Gbps化すると実測スピードはどれだけ出るのか!?,"Feb 16, 2026",2707,49
2026-06-30,Q6GhUMQpKM8,総額10万円超!! 自宅ネットワークをフル10Gbps化すると実測スピードはどれだけ出るのか!?,"Feb 16, 2026",2707,47
2026-07-01,Q6GhUMQpKM8,総額10万円超!! 自宅ネットワークをフル10Gbps化すると実測スピードはどれだけ出るのか!?,"Feb 16, 2026",2707,24
2026-07-02,Q6GhUMQpKM8,総額10万円超!! 自宅ネットワークをフル10Gbps化すると実測スピードはどれだけ出るのか!?,"Feb 16, 2026",2707,39
2026-07-03,Q6GhUMQpKM8,総額10万円超!! 自宅ネットワークをフル10Gbps化すると実測スピードはどれだけ出るのか!?,"Feb 16, 2026",2707,49
2026-07-04,Q6GhUMQpKM8,総額10万円超!! 自宅ネットワークをフル10Gbps化すると実測スピードはどれだけ出るのか!?,"Feb 16, 2026",2707,53
2026-07-05,Q6GhUMQpKM8,総額10万円超!! 自宅ネットワークをフル10Gbps化すると実測スピードはどれだけ出るのか!?,"Feb 16, 2026",2707,24
2026-07-06,Q6GhUMQpKM8,総額10万円超!! 自宅ネットワークをフル10Gbps化すると実測スピードはどれだけ出るのか!?,"Feb 16, 2026",2707,33
2026-07-07,Q6GhUMQpKM8,総額10万円超!! 自宅ネットワークをフル10Gbps化すると実測スピードはどれだけ出るのか!?,"Feb 16, 2026",2707,32
2026-07-08,Q6GhUMQpKM8,総額10万円超!! 自宅ネットワークをフル10Gbps化すると実測スピードはどれだけ出るのか!?,"Feb 16, 2026",2707,36
2026-07-09,Q6GhUMQpKM8,総額10万円超!! 自宅ネットワークをフル10Gbps化すると実測スピードはどれだけ出るのか!?,"Feb 16, 2026",2707,30
2026-07-10,Q6GhUMQpKM8,総額10万円超!! 自宅ネットワークをフル10Gbps化すると実測スピードはどれだけ出るのか!?,"Feb 16, 2026",2707,30
2026-07-11,Q6GhUMQpKM8,総額10万円超!! 自宅ネットワークをフル10Gbps化すると実測スピードはどれだけ出るのか!?,"Feb 16, 2026",2707,33
2026-07-12,Q6GhUMQpKM8,総額10万円超!! 自宅ネットワークをフル10Gbps化すると実測スピードはどれだけ出るのか!?,"Feb 16, 2026",2707,47
2026-07-13,Q6GhUMQpKM8,総額10万円超!! 自宅ネットワークをフル10Gbps化すると実測スピードはどれだけ出るのか!?,"Feb 16, 2026",2707,44
2026-07-14,Q6GhUMQpKM8,総額10万円超!! 自宅ネットワークをフル10Gbps化すると実測スピードはどれだけ出るのか!?,"Feb 16, 2026",2707,63
2026-07-15,Q6GhUMQpKM8,総額10万円超!! 自宅ネットワークをフル10Gbps化すると実測スピードはどれだけ出るのか!?,"Feb 16, 2026",2707,41
2026-07-16,Q6GhUMQpKM8,総額10万円超!! 自宅ネットワークをフル10Gbps化すると実測スピードはどれだけ出るのか!?,"Feb 16, 2026",2707,45
2026-07-17,Q6GhUMQpKM8,総額10万円超!! 自宅ネットワークをフル10Gbps化すると実測スピードはどれだけ出るのか!?,"Feb 16, 2026",2707,41
2026-07-18,Q6GhUMQpKM8,総額10万円超!! 自宅ネットワークをフル10Gbps化すると実測スピードはどれだけ出るのか!?,"Feb 16, 2026",2707,38
2026-07-19,Q6GhUMQpKM8,総額10万円超!! 自宅ネットワークをフル10Gbps化すると実測スピードはどれだけ出るのか!?,"Feb 16, 2026",2707,74
2026-07-20,Q6GhUMQpKM8,総額10万円超!! 自宅ネットワークをフル10Gbps化すると実測スピードはどれだけ出るのか!?,"Feb 16, 2026",2707,62
2026-07-21,Q6GhUMQpKM8,総額10万円超!! 自宅ネットワークをフル10Gbps化すると実測スピードはどれだけ出るのか!?,"Feb 16, 2026",2707,57
2026-07-22,Q6GhUMQpKM8,総額10万円超!! 自宅ネットワークをフル10Gbps化すると実測スピードはどれだけ出るのか!?,"Feb 16, 2026",2707,67
2026-02-23,dOfOovufttI,現役ネットワークエンジニアがデータセンターについて解説します。,"Feb 20, 2023",1896,21
2026-02-24,dOfOovufttI,現役ネットワークエンジニアがデータセンターについて解説します。,"Feb 20, 2023",1896,15
2026-02-25,dOfOovufttI,現役ネットワークエンジニアがデータセンターについて解説します。,"Feb 20, 2023",1896,33
2026-02-26,dOfOovufttI,現役ネットワークエンジニアがデータセンターについて解説します。,"Feb 20, 2023",1896,22
2026-02-27,dOfOovufttI,現役ネットワークエンジニアがデータセンターについて解説します。,"Feb 20, 2023",1896,17
2026-02-28,dOfOovufttI,現役ネットワークエンジニアがデータセンターについて解説します。,"Feb 20, 2023",1896,11
2026-03-01,dOfOovufttI,現役ネットワークエンジニアがデータセンターについて解説します。,"Feb 20, 2023",1896,6
2026-03-02,dOfOovufttI,現役ネットワークエンジニアがデータセンターについて解説します。,"Feb 20, 2023",1896,19
2026-03-03,dOfOovufttI,現役ネットワークエンジニアがデータセンターについて解説します。,"Feb 20, 2023",1896,20
2026-03-04,dOfOovufttI,現役ネットワークエンジニアがデータセンターについて解説します。,"Feb 20, 2023",1896,17
2026-03-05,dOfOovufttI,現役ネットワークエンジニアがデータセンターについて解説します。,"Feb 20, 2023",1896,21
2026-03-06,dOfOovufttI,現役ネットワークエンジニアがデータセンターについて解説します。,"Feb 20, 2023",1896,20
2026-03-07,dOfOovufttI,現役ネットワークエンジニアがデータセンターについて解説します。,"Feb 20, 2023",1896,24
2026-03-08,dOfOovufttI,現役ネットワークエンジニアがデータセンターについて解説します。,"Feb 20, 2023",1896,8
2026-03-09,dOfOovufttI,現役ネットワークエンジニアがデータセンターについて解説します。,"Feb 20, 2023",1896,23
2026-03-10,dOfOovufttI,現役ネットワークエンジニアがデータセンターについて解説します。,"Feb 20, 2023",1896,22
2026-03-11,dOfOovufttI,現役ネットワークエンジニアがデータセンターについて解説します。,"Feb 20, 2023",1896,17
2026-03-12,dOfOovufttI,現役ネットワークエンジニアがデータセンターについて解説します。,"Feb 20, 2023",1896,23
2026-03-13,dOfOovufttI,現役ネットワークエンジニアがデータセンターについて解説します。,"Feb 20, 2023",1896,24
2026-03-14,dOfOovufttI,現役ネットワークエンジニアがデータセンターについて解説します。,"Feb 20, 2023",1896,9
2026-03-15,dOfOovufttI,現役ネットワークエンジニアがデータセンターについて解説します。,"Feb 20, 2023",1896,12
2026-03-16,dOfOovufttI,現役ネットワークエンジニアがデータセンターについて解説します。,"Feb 20, 2023",1896,11
2026-03-17,dOfOovufttI,現役ネットワークエンジニアがデータセンターについて解説します。,"Feb 20, 2023",1896,15
2026-03-18,dOfOovufttI,現役ネットワークエンジニアがデータセンターについて解説します。,"Feb 20, 2023",1896,10
2026-03-19,dOfOovufttI,現役ネットワークエンジニアがデータセンターについて解説します。,"Feb 20, 2023",1896,16
2026-03-20,dOfOovufttI,現役ネットワークエンジニアがデータセンターについて解説します。,"Feb 20, 2023",1896,17
2026-03-21,dOfOovufttI,現役ネットワークエンジニアがデータセンターについて解説します。,"Feb 20, 2023",1896,18
2026-03-22,dOfOovufttI,現役ネットワークエンジニアがデータセンターについて解説します。,"Feb 20, 2023",1896,19
2026-03-23,dOfOovufttI,現役ネットワークエンジニアがデータセンターについて解説します。,"Feb 20, 2023",1896,12
2026-03-24,dOfOovufttI,現役ネットワークエンジニアがデータセンターについて解説します。,"Feb 20, 2023",1896,13
2026-03-25,dOfOovufttI,現役ネットワークエンジニアがデータセンターについて解説します。,"Feb 20, 2023",1896,11
2026-03-26,dOfOovufttI,現役ネットワークエンジニアがデータセンターについて解説します。,"Feb 20, 2023",1896,15
2026-03-27,dOfOovufttI,現役ネットワークエンジニアがデータセンターについて解説します。,"Feb 20, 2023",1896,13
2026-03-28,dOfOovufttI,現役ネットワークエンジニアがデータセンターについて解説します。,"Feb 20, 2023",1896,12
2026-03-29,dOfOovufttI,現役ネットワークエンジニアがデータセンターについて解説します。,"Feb 20, 2023",1896,16
2026-03-30,dOfOovufttI,現役ネットワークエンジニアがデータセンターについて解説します。,"Feb 20, 2023",1896,24
2026-03-31,dOfOovufttI,現役ネットワークエンジニアがデータセンターについて解説します。,"Feb 20, 2023",1896,8
2026-04-01,dOfOovufttI,現役ネットワークエンジニアがデータセンターについて解説します。,"Feb 20, 2023",1896,7
2026-04-02,dOfOovufttI,現役ネットワークエンジニアがデータセンターについて解説します。,"Feb 20, 2023",1896,9
2026-04-03,dOfOovufttI,現役ネットワークエンジニアがデータセンターについて解説します。,"Feb 20, 2023",1896,14
2026-04-04,dOfOovufttI,現役ネットワークエンジニアがデータセンターについて解説します。,"Feb 20, 2023",1896,22
2026-04-05,dOfOovufttI,現役ネットワークエンジニアがデータセンターについて解説します。,"Feb 20, 2023",1896,24
2026-04-06,dOfOovufttI,現役ネットワークエンジニアがデータセンターについて解説します。,"Feb 20, 2023",1896,22
2026-04-07,dOfOovufttI,現役ネットワークエンジニアがデータセンターについて解説します。,"Feb 20, 2023",1896,14
2026-04-08,dOfOovufttI,現役ネットワークエンジニアがデータセンターについて解説します。,"Feb 20, 2023",1896,14
2026-04-09,dOfOovufttI,現役ネットワークエンジニアがデータセンターについて解説します。,"Feb 20, 2023",1896,16
2026-04-10,dOfOovufttI,現役ネットワークエンジニアがデータセンターについて解説します。,"Feb 20, 2023",1896,13
2026-04-11,dOfOovufttI,現役ネットワークエンジニアがデータセンターについて解説します。,"Feb 20, 2023",1896,17
2026-04-12,dOfOovufttI,現役ネットワークエンジニアがデータセンターについて解説します。,"Feb 20, 2023",1896,24
2026-04-13,dOfOovufttI,現役ネットワークエンジニアがデータセンターについて解説します。,"Feb 20, 2023",1896,18
2026-04-14,dOfOovufttI,現役ネットワークエンジニアがデータセンターについて解説します。,"Feb 20, 2023",1896,10
2026-04-15,dOfOovufttI,現役ネットワークエンジニアがデータセンターについて解説します。,"Feb 20, 2023",1896,15
2026-04-16,dOfOovufttI,現役ネットワークエンジニアがデータセンターについて解説します。,"Feb 20, 2023",1896,14
2026-04-17,dOfOovufttI,現役ネットワークエンジニアがデータセンターについて解説します。,"Feb 20, 2023",1896,11
2026-04-18,dOfOovufttI,現役ネットワークエンジニアがデータセンターについて解説します。,"Feb 20, 2023",1896,17
2026-04-19,dOfOovufttI,現役ネットワークエンジニアがデータセンターについて解説します。,"Feb 20, 2023",1896,22
2026-04-20,dOfOovufttI,現役ネットワークエンジニアがデータセンターについて解説します。,"Feb 20, 2023",1896,14
2026-04-21,dOfOovufttI,現役ネットワークエンジニアがデータセンターについて解説します。,"Feb 20, 2023",1896,18
2026-04-22,dOfOovufttI,現役ネットワークエンジニアがデータセンターについて解説します。,"Feb 20, 2023",1896,19
2026-04-23,dOfOovufttI,現役ネットワークエンジニアがデータセンターについて解説します。,"Feb 20, 2023",1896,20
2026-04-24,dOfOovufttI,現役ネットワークエンジニアがデータセンターについて解説します。,"Feb 20, 2023",1896,14
2026-04-25,dOfOovufttI,現役ネットワークエンジニアがデータセンターについて解説します。,"Feb 20, 2023",1896,18
2026-04-26,dOfOovufttI,現役ネットワークエンジニアがデータセンターについて解説します。,"Feb 20, 2023",1896,18
2026-04-27,dOfOovufttI,現役ネットワークエンジニアがデータセンターについて解説します。,"Feb 20, 2023",1896,30
2026-04-28,dOfOovufttI,現役ネットワークエンジニアがデータセンターについて解説します。,"Feb 20, 2023",1896,8
2026-04-29,dOfOovufttI,現役ネットワークエンジニアがデータセンターについて解説します。,"Feb 20, 2023",1896,18
2026-04-30,dOfOovufttI,現役ネットワークエンジニアがデータセンターについて解説します。,"Feb 20, 2023",1896,31
2026-05-01,dOfOovufttI,現役ネットワークエンジニアがデータセンターについて解説します。,"Feb 20, 2023",1896,16
2026-05-02,dOfOovufttI,現役ネットワークエンジニアがデータセンターについて解説します。,"Feb 20, 2023",1896,14
2026-05-03,dOfOovufttI,現役ネットワークエンジニアがデータセンターについて解説します。,"Feb 20, 2023",1896,12
2026-05-04,dOfOovufttI,現役ネットワークエンジニアがデータセンターについて解説します。,"Feb 20, 2023",1896,12
2026-05-05,dOfOovufttI,現役ネットワークエンジニアがデータセンターについて解説します。,"Feb 20, 2023",1896,26
2026-05-06,dOfOovufttI,現役ネットワークエンジニアがデータセンターについて解説します。,"Feb 20, 2023",1896,19
2026-05-07,dOfOovufttI,現役ネットワークエンジニアがデータセンターについて解説します。,"Feb 20, 2023",1896,24
2026-05-08,dOfOovufttI,現役ネットワークエンジニアがデータセンターについて解説します。,"Feb 20, 2023",1896,24
2026-05-09,dOfOovufttI,現役ネットワークエンジニアがデータセンターについて解説します。,"Feb 20, 2023",1896,25
2026-05-10,dOfOovufttI,現役ネットワークエンジニアがデータセンターについて解説します。,"Feb 20, 2023",1896,10
2026-05-11,dOfOovufttI,現役ネットワークエンジニアがデータセンターについて解説します。,"Feb 20, 2023",1896,11
2026-05-12,dOfOovufttI,現役ネットワークエンジニアがデータセンターについて解説します。,"Feb 20, 2023",1896,26
2026-05-13,dOfOovufttI,現役ネットワークエンジニアがデータセンターについて解説します。,"Feb 20, 2023",1896,20
2026-05-14,dOfOovufttI,現役ネットワークエンジニアがデータセンターについて解説します。,"Feb 20, 2023",1896,19
2026-05-15,dOfOovufttI,現役ネットワークエンジニアがデータセンターについて解説します。,"Feb 20, 2023",1896,34
2026-05-16,dOfOovufttI,現役ネットワークエンジニアがデータセンターについて解説します。,"Feb 20, 2023",1896,34
2026-05-17,dOfOovufttI,現役ネットワークエンジニアがデータセンターについて解説します。,"Feb 20, 2023",1896,21
2026-05-18,dOfOovufttI,現役ネットワークエンジニアがデータセンターについて解説します。,"Feb 20, 2023",1896,25
2026-05-19,dOfOovufttI,現役ネットワークエンジニアがデータセンターについて解説します。,"Feb 20, 2023",1896,23
2026-05-20,dOfOovufttI,現役ネットワークエンジニアがデータセンターについて解説します。,"Feb 20, 2023",1896,30
2026-05-21,dOfOovufttI,現役ネットワークエンジニアがデータセンターについて解説します。,"Feb 20, 2023",1896,30
2026-05-22,dOfOovufttI,現役ネットワークエンジニアがデータセンターについて解説します。,"Feb 20, 2023",1896,20
2026-05-23,dOfOovufttI,現役ネットワークエンジニアがデータセンターについて解説します。,"Feb 20, 2023",1896,35
2026-05-24,dOfOovufttI,現役ネットワークエンジニアがデータセンターについて解説します。,"Feb 20, 2023",1896,13
2026-05-25,dOfOovufttI,現役ネットワークエンジニアがデータセンターについて解説します。,"Feb 20, 2023",1896,15
2026-05-26,dOfOovufttI,現役ネットワークエンジニアがデータセンターについて解説します。,"Feb 20, 2023",1896,29
2026-05-27,dOfOovufttI,現役ネットワークエンジニアがデータセンターについて解説します。,"Feb 20, 2023",1896,16
2026-05-28,dOfOovufttI,現役ネットワークエンジニアがデータセンターについて解説します。,"Feb 20, 2023",1896,22
2026-05-29,dOfOovufttI,現役ネットワークエンジニアがデータセンターについて解説します。,"Feb 20, 2023",1896,11
2026-05-30,dOfOovufttI,現役ネットワークエンジニアがデータセンターについて解説します。,"Feb 20, 2023",1896,26
2026-05-31,dOfOovufttI,現役ネットワークエンジニアがデータセンターについて解説します。,"Feb 20, 2023",1896,30
2026-06-01,dOfOovufttI,現役ネットワークエンジニアがデータセンターについて解説します。,"Feb 20, 2023",1896,36
2026-06-02,dOfOovufttI,現役ネットワークエンジニアがデータセンターについて解説します。,"Feb 20, 2023",1896,29
2026-06-03,dOfOovufttI,現役ネットワークエンジニアがデータセンターについて解説します。,"Feb 20, 2023",1896,21
2026-06-04,dOfOovufttI,現役ネットワークエンジニアがデータセンターについて解説します。,"Feb 20, 2023",1896,16
2026-06-05,dOfOovufttI,現役ネットワークエンジニアがデータセンターについて解説します。,"Feb 20, 2023",1896,24
2026-06-06,dOfOovufttI,現役ネットワークエンジニアがデータセンターについて解説します。,"Feb 20, 2023",1896,15
2026-06-07,dOfOovufttI,現役ネットワークエンジニアがデータセンターについて解説します。,"Feb 20, 2023",1896,17
2026-06-08,dOfOovufttI,現役ネットワークエンジニアがデータセンターについて解説します。,"Feb 20, 2023",1896,31
2026-06-09,dOfOovufttI,現役ネットワークエンジニアがデータセンターについて解説します。,"Feb 20, 2023",1896,20
2026-06-10,dOfOovufttI,現役ネットワークエンジニアがデータセンターについて解説します。,"Feb 20, 2023",1896,15
2026-06-11,dOfOovufttI,現役ネットワークエンジニアがデータセンターについて解説します。,"Feb 20, 2023",1896,21
2026-06-12,dOfOovufttI,現役ネットワークエンジニアがデータセンターについて解説します。,"Feb 20, 2023",1896,23
2026-06-13,dOfOovufttI,現役ネットワークエンジニアがデータセンターについて解説します。,"Feb 20, 2023",1896,16
2026-06-14,dOfOovufttI,現役ネットワークエンジニアがデータセンターについて解説します。,"Feb 20, 2023",1896,8
2026-06-15,dOfOovufttI,現役ネットワークエンジニアがデータセンターについて解説します。,"Feb 20, 2023",1896,5
2026-06-16,dOfOovufttI,現役ネットワークエンジニアがデータセンターについて解説します。,"Feb 20, 2023",1896,21
2026-06-17,dOfOovufttI,現役ネットワークエンジニアがデータセンターについて解説します。,"Feb 20, 2023",1896,22
2026-06-18,dOfOovufttI,現役ネットワークエンジニアがデータセンターについて解説します。,"Feb 20, 2023",1896,20
2026-06-19,dOfOovufttI,現役ネットワークエンジニアがデータセンターについて解説します。,"Feb 20, 2023",1896,17
2026-06-20,dOfOovufttI,現役ネットワークエンジニアがデータセンターについて解説します。,"Feb 20, 2023",1896,23
2026-06-21,dOfOovufttI,現役ネットワークエンジニアがデータセンターについて解説します。,"Feb 20, 2023",1896,18
2026-06-22,dOfOovufttI,現役ネットワークエンジニアがデータセンターについて解説します。,"Feb 20, 2023",1896,18
2026-06-23,dOfOovufttI,現役ネットワークエンジニアがデータセンターについて解説します。,"Feb 20, 2023",1896,22
2026-06-24,dOfOovufttI,現役ネットワークエンジニアがデータセンターについて解説します。,"Feb 20, 2023",1896,32
2026-06-25,dOfOovufttI,現役ネットワークエンジニアがデータセンターについて解説します。,"Feb 20, 2023",1896,28
2026-06-26,dOfOovufttI,現役ネットワークエンジニアがデータセンターについて解説します。,"Feb 20, 2023",1896,22
2026-06-27,dOfOovufttI,現役ネットワークエンジニアがデータセンターについて解説します。,"Feb 20, 2023",1896,21
2026-06-28,dOfOovufttI,現役ネットワークエンジニアがデータセンターについて解説します。,"Feb 20, 2023",1896,21
2026-06-29,dOfOovufttI,現役ネットワークエンジニアがデータセンターについて解説します。,"Feb 20, 2023",1896,25
2026-06-30,dOfOovufttI,現役ネットワークエンジニアがデータセンターについて解説します。,"Feb 20, 2023",1896,20
2026-07-01,dOfOovufttI,現役ネットワークエンジニアがデータセンターについて解説します。,"Feb 20, 2023",1896,38
2026-07-02,dOfOovufttI,現役ネットワークエンジニアがデータセンターについて解説します。,"Feb 20, 2023",1896,30
2026-07-03,dOfOovufttI,現役ネットワークエンジニアがデータセンターについて解説します。,"Feb 20, 2023",1896,35
2026-07-04,dOfOovufttI,現役ネットワークエンジニアがデータセンターについて解説します。,"Feb 20, 2023",1896,53
2026-07-05,dOfOovufttI,現役ネットワークエンジニアがデータセンターについて解説します。,"Feb 20, 2023",1896,23
2026-07-06,dOfOovufttI,現役ネットワークエンジニアがデータセンターについて解説します。,"Feb 20, 2023",1896,24
2026-07-07,dOfOovufttI,現役ネットワークエンジニアがデータセンターについて解説します。,"Feb 20, 2023",1896,26
2026-07-08,dOfOovufttI,現役ネットワークエンジニアがデータセンターについて解説します。,"Feb 20, 2023",1896,28
2026-07-09,dOfOovufttI,現役ネットワークエンジニアがデータセンターについて解説します。,"Feb 20, 2023",1896,34
2026-07-10,dOfOovufttI,現役ネットワークエンジニアがデータセンターについて解説します。,"Feb 20, 2023",1896,40
2026-07-11,dOfOovufttI,現役ネットワークエンジニアがデータセンターについて解説します。,"Feb 20, 2023",1896,44
2026-07-12,dOfOovufttI,現役ネットワークエンジニアがデータセンターについて解説します。,"Feb 20, 2023",1896,28
2026-07-13,dOfOovufttI,現役ネットワークエンジニアがデータセンターについて解説します。,"Feb 20, 2023",1896,26
2026-07-14,dOfOovufttI,現役ネットワークエンジニアがデータセンターについて解説します。,"Feb 20, 2023",1896,23
2026-07-15,dOfOovufttI,現役ネットワークエンジニアがデータセンターについて解説します。,"Feb 20, 2023",1896,25
2026-07-16,dOfOovufttI,現役ネットワークエンジニアがデータセンターについて解説します。,"Feb 20, 2023",1896,26
2026-07-17,dOfOovufttI,現役ネットワークエンジニアがデータセンターについて解説します。,"Feb 20, 2023",1896,31
2026-07-18,dOfOovufttI,現役ネットワークエンジニアがデータセンターについて解説します。,"Feb 20, 2023",1896,20
2026-07-19,dOfOovufttI,現役ネットワークエンジニアがデータセンターについて解説します。,"Feb 20, 2023",1896,30
2026-07-20,dOfOovufttI,現役ネットワークエンジニアがデータセンターについて解説します。,"Feb 20, 2023",1896,29
2026-07-21,dOfOovufttI,現役ネットワークエンジニアがデータセンターについて解説します。,"Feb 20, 2023",1896,12
2026-07-22,dOfOovufttI,現役ネットワークエンジニアがデータセンターについて解説します。,"Feb 20, 2023",1896,23
